eqall_seats,elall_seats,eqwomw_seats,elwomw_seats,eqmw_seats,elmw_seats,neall_seats,nuall_seats,newomw_seats,nuwomw_seats,nemw_seats,numw_seats,time
1.13,0.87,0.54,0.76,2.43,1.11,4.94,1.22,7.99,2.90,4.63,0.85,2/1/1978
0.87,0.82,0.38,0.68,2.06,1.09,5.38,0.88,7.45,2.37,5.38,0.67,3/1/1978
1.09,0.84,0.42,0.71,2.60,1.06,4.98,1.00,5.18,1.90,4.86,0.82,4/1/1978
0.96,0.86,0.31,0.50,2.24,1.33,4.60,1.37,6.59,3.47,4.49,0.98,5/1/1978
1.21,1.01,0.37,0.72,3.03,1.55,6.22,1.19,8.90,2.05,5.83,0.99,6/1/1978
1.25,0.89,0.51,0.59,2.81,1.20,4.56,1.31,7.18,2.70,4.04,0.80,7/1/1978
1.11,0.78,0.52,0.60,2.82,1.33,5.59,1.58,6.39,3.67,5.50,1.02,8/1/1978
1.21,0.86,0.49,0.72,2.86,1.27,5.82,1.54,7.58,2.31,5.52,1.40,9/1/1978
1.02,0.76,0.51,0.61,2.29,1.01,5.50,1.37,5.24,2.83,5.83,1.02,10/1/1978
1.20,0.80,0.37,0.69,2.97,1.10,5.68,1.39,9.52,3.06,5.12,0.93,11/1/1978
1.17,0.87,0.39,0.78,2.72,0.99,5.20,1.01,8.35,2.59,4.98,0.72,12/1/1978
1.22,0.86,0.58,0.77,2.70,0.98,5.12,1.32,7.36,2.87,4.85,0.83,1/1/1979
1.16,0.84,0.36,0.71,2.98,1.22,5.43,1.47,7.26,3.18,5.09,0.98,2/1/1979
1.07,0.71,0.37,0.54,2.51,1.21,5.13,1.43,6.13,3.10,5.12,1.08,3/1/1979
1.16,0.68,0.44,0.57,2.80,0.94,5.09,1.38,8.25,2.97,4.48,0.91,4/1/1979
1.06,0.86,0.37,0.65,2.65,1.33,5.43,1.30,6.32,4.15,5.48,0.78,5/1/1979
1.27,1.00,0.62,0.62,2.56,1.52,6.00,1.28,9.30,3.13,5.66,0.96,6/1/1979
1.19,0.89,0.47,0.72,2.86,1.09,4.82,0.79,5.72,1.25,4.71,0.63,7/1/1979
1.20,0.98,0.43,0.79,2.75,1.30,5.47,1.77,8.86,2.38,4.84,1.54,8/1/1979
0.88,0.96,0.44,0.71,1.58,1.71,5.84,1.48,8.82,2.50,5.69,1.13,9/1/1979
1.25,0.83,0.39,0.74,3.06,0.95,5.43,1.05,7.00,2.55,5.34,0.81,10/1/1979
1.21,0.99,0.52,0.87,2.66,1.30,5.85,1.59,8.18,2.28,5.44,1.16,11/1/1979
0.92,0.79,0.31,0.69,2.03,1.02,5.08,1.41,6.84,3.08,4.75,0.94,12/1/1979
1.03,0.99,0.48,0.83,2.14,1.33,6.29,1.60,6.76,3.04,6.46,1.03,1/1/1980
1.12,1.02,0.43,0.82,2.56,1.64,5.26,1.21,7.33,2.73,4.95,0.98,2/1/1980
1.04,1.12,0.33,1.02,2.51,1.31,5.26,0.87,6.51,2.45,5.09,0.53,3/1/1980
0.99,1.16,0.47,0.93,1.95,1.73,5.23,1.58,7.16,2.64,5.05,1.34,4/1/1980
1.28,1.27,0.52,1.32,2.90,1.42,5.55,1.38,6.40,1.95,5.84,1.13,5/1/1980
1.10,1.20,0.46,1.09,2.36,1.44,4.97,1.39,6.43,2.16,4.88,1.25,6/1/1980
1.16,1.17,0.44,1.11,2.82,1.25,5.34,1.37,7.35,3.14,5.22,0.88,7/1/1980
1.04,1.34,0.43,1.16,2.39,1.72,4.95,1.82,6.45,1.98,4.70,1.65,8/1/1980
1.11,1.00,0.45,0.98,2.61,1.04,5.86,2.02,8.22,4.77,5.71,1.47,9/1/1980
1.12,1.24,0.60,0.99,2.21,2.03,5.76,1.72,9.45,3.10,5.13,1.16,10/1/1980
0.91,0.91,0.41,0.83,2.03,1.11,4.94,1.51,6.72,2.63,4.62,1.04,11/1/1980
1.24,1.08,0.41,1.06,2.97,1.00,5.66,1.19,6.61,2.50,5.76,0.85,12/1/1980
1.01,1.02,0.41,0.90,2.35,1.28,4.95,1.21,7.63,2.63,4.53,0.87,1/1/1981
0.77,1.01,0.37,0.93,1.55,1.25,5.16,1.61,5.89,3.71,5.02,1.01,2/1/1981
1.08,1.00,0.54,0.91,2.26,1.24,5.58,1.33,7.94,3.34,5.37,0.80,3/1/1981
1.00,1.26,0.37,1.03,2.22,1.87,5.67,1.36,6.84,3.37,5.71,0.77,4/1/1981
1.03,1.12,0.50,1.03,2.23,1.34,6.13,1.54,6.84,3.60,6.04,1.02,5/1/1981
1.05,1.19,0.32,1.02,2.50,1.44,4.46,1.52,5.92,2.36,4.48,1.36,6/1/1981
1.02,1.22,0.44,0.99,2.28,1.61,6.12,1.68,8.82,3.44,5.73,1.05,7/1/1981
1.12,1.01,0.54,0.87,2.48,1.27,4.30,1.70,5.69,2.70,3.98,1.52,8/1/1981
1.02,1.26,0.43,1.11,2.47,1.53,5.07,1.71,7.86,3.93,4.72,1.24,9/1/1981
0.85,1.24,0.39,1.19,1.89,1.42,5.89,1.80,7.94,3.10,5.63,1.29,10/1/1981
0.74,1.39,0.34,1.33,1.50,1.50,5.41,1.34,6.72,2.09,5.12,1.14,11/1/1981
0.93,1.56,0.34,1.46,2.23,1.51,5.93,1.95,7.14,4.04,5.79,1.41,12/1/1981
0.73,1.26,0.34,1.11,1.67,1.55,5.35,2.00,7.24,4.06,4.81,1.12,1/1/1982
0.85,1.32,0.49,1.24,1.63,1.56,5.63,1.67,6.80,3.79,5.27,0.70,2/1/1982
1.08,1.48,0.48,1.47,2.18,1.47,6.45,2.05,8.56,5.91,6.28,1.19,3/1/1982
0.79,1.43,0.28,1.24,1.80,2.18,4.80,1.43,7.17,3.70,4.40,0.89,4/1/1982
0.84,1.41,0.40,1.32,1.72,1.60,5.61,1.71,8.33,2.40,5.50,1.26,5/1/1982
1.01,1.38,0.42,1.54,2.26,1.20,4.63,1.66,5.99,3.77,4.79,1.12,6/1/1982
0.88,1.61,0.44,1.50,1.73,1.87,6.03,1.73,7.12,1.96,6.14,1.55,7/1/1982
0.88,1.52,0.32,1.55,2.14,1.40,6.19,1.61,6.56,3.55,6.33,1.27,8/1/1982
0.92,1.73,0.38,1.76,2.17,1.39,5.38,1.78,6.43,4.15,5.40,0.94,9/1/1982
0.93,1.76,0.43,1.68,2.00,2.06,4.88,1.73,7.09,3.83,4.61,1.29,10/1/1982
0.89,1.61,0.38,1.64,1.94,1.46,4.78,1.82,5.30,4.40,4.87,0.95,11/1/1982
0.90,1.38,0.41,1.36,1.87,1.34,5.05,2.25,5.39,5.31,5.20,1.43,12/1/1982
0.79,1.29,0.36,1.32,1.82,1.21,4.77,1.59,5.32,4.31,4.95,0.95,1/1/1983
0.78,1.43,0.36,1.36,1.61,1.59,4.54,1.83,6.81,3.70,4.32,1.42,2/1/1983
0.85,1.47,0.28,1.34,2.02,1.50,4.75,2.02,5.63,5.39,4.81,0.91,3/1/1983
0.97,1.41,0.35,1.52,2.17,1.29,5.36,1.90,6.16,3.46,5.37,1.28,4/1/1983
0.97,1.37,0.46,1.25,2.04,1.71,4.88,1.46,7.12,3.35,4.57,1.08,5/1/1983
0.99,1.36,0.42,1.28,2.11,1.51,5.29,1.75,7.78,4.86,4.70,0.97,6/1/1983
0.83,1.12,0.40,1.23,1.75,0.96,5.04,1.66,6.63,3.57,4.99,1.26,7/1/1983
0.83,1.40,0.43,1.42,1.59,1.34,4.87,1.72,5.68,4.27,4.59,1.02,8/1/1983
0.92,1.21,0.49,1.26,1.97,1.30,6.16,1.64,6.99,3.80,6.34,0.92,9/1/1983
1.00,1.33,0.42,1.29,2.26,1.52,5.33,1.40,6.75,3.01,5.17,0.89,10/1/1983
1.05,1.20,0.49,1.15,2.23,1.26,5.70,1.50,6.46,2.67,5.65,1.20,11/1/1983
0.77,1.29,0.41,1.17,1.56,1.49,4.95,1.60,5.78,2.50,4.66,1.38,12/1/1983
1.10,1.16,0.35,1.13,2.52,1.17,5.97,1.51,7.86,4.02,5.43,0.85,1/1/1984
0.98,1.18,0.43,1.13,2.30,1.21,5.57,1.43,7.02,4.05,5.21,0.82,2/1/1984
0.93,1.24,0.52,1.14,1.95,1.52,5.15,1.91,6.29,3.31,4.74,1.31,3/1/1984
0.83,1.15,0.53,1.12,1.66,1.18,5.34,1.79,4.93,3.03,5.56,1.31,4/1/1984
1.02,1.06,0.53,1.07,2.25,0.96,5.76,1.52,5.74,2.48,5.95,1.16,5/1/1984
1.19,1.16,0.57,1.19,2.60,1.20,5.47,1.88,7.06,3.87,4.76,1.12,6/1/1984
1.10,1.21,0.54,1.18,2.48,1.26,6.04,2.23,5.92,4.43,6.23,1.39,7/1/1984
1.02,1.24,0.64,1.21,1.88,1.34,5.69,1.69,7.81,3.57,4.87,0.98,8/1/1984
0.82,1.29,0.48,1.18,1.61,1.66,5.52,1.61,6.65,3.09,5.22,1.06,9/1/1984
0.93,1.23,0.49,1.18,1.99,1.29,5.28,1.83,5.72,4.73,5.09,0.73,10/1/1984
1.01,1.19,0.56,1.04,2.14,1.69,5.56,1.86,6.35,3.52,5.30,1.24,11/1/1984
1.04,1.09,0.59,0.96,2.13,1.40,6.41,2.19,5.22,4.67,6.81,1.14,12/1/1984
1.00,1.12,0.54,1.03,2.11,1.24,6.05,1.67,6.66,2.88,5.78,1.08,1/1/1985
1.11,1.39,0.58,1.31,2.39,1.56,6.76,2.17,6.46,4.30,6.65,1.34,2/1/1985
1.02,1.17,0.62,1.11,1.97,1.39,6.33,2.25,5.97,3.97,6.54,1.46,3/1/1985
1.01,1.26,0.58,1.21,2.03,1.39,6.05,1.52,7.50,2.57,5.48,1.10,4/1/1985
1.00,1.14,0.52,1.14,2.18,1.21,6.16,1.57,7.09,2.61,5.81,1.04,5/1/1985
1.07,1.25,0.57,1.30,2.26,1.28,5.99,1.83,6.24,3.27,5.91,1.16,6/1/1985
0.92,1.15,0.51,1.15,1.80,1.02,5.99,1.86,6.22,3.19,5.94,1.15,7/1/1985
0.94,1.08,0.62,1.14,1.65,0.88,5.63,1.60,6.03,3.17,5.29,0.92,8/1/1985
0.86,1.22,0.40,1.13,2.00,1.60,5.93,1.68,6.28,3.03,5.70,1.05,9/1/1985
0.97,1.18,0.52,1.14,1.98,1.34,5.88,1.80,6.28,3.14,5.70,1.12,10/1/1985
0.98,1.18,0.51,1.13,2.10,1.33,5.55,1.84,6.33,3.44,5.26,1.15,11/1/1985
0.88,1.04,0.42,1.05,1.88,0.98,6.40,1.57,6.98,2.37,6.21,1.19,12/1/1985
1.00,1.05,0.52,0.99,2.20,1.17,6.34,1.65,6.82,2.63,5.99,1.15,1/1/1986
1.05,1.07,0.57,1.03,2.23,1.12,5.62,1.79,5.81,2.96,5.43,1.32,2/1/1986
0.84,1.22,0.39,1.18,1.96,1.32,6.02,2.48,6.10,4.14,5.96,1.65,3/1/1986
0.89,1.20,0.49,1.16,1.79,1.22,5.87,2.27,5.44,3.79,6.21,1.52,4/1/1986
0.85,1.45,0.51,1.45,1.66,1.56,6.34,1.23,8.84,2.10,5.21,0.90,5/1/1986
0.69,1.23,0.40,1.32,1.39,1.20,5.65,1.55,5.96,3.06,5.48,0.88,6/1/1986
0.98,1.05,0.73,1.01,1.57,1.06,6.19,2.02,7.24,3.83,5.85,1.23,7/1/1986
1.02,1.22,0.54,1.18,2.13,1.33,6.46,1.67,5.76,3.28,6.69,1.00,8/1/1986
1.03,1.17,0.61,1.09,1.94,1.43,6.32,1.70,6.00,2.63,6.42,1.29,9/1/1986
0.98,1.11,0.59,1.11,1.88,1.21,6.25,2.11,5.67,4.24,6.31,1.17,10/1/1986
0.98,1.11,0.58,1.02,1.94,1.38,5.95,1.91,6.45,3.21,5.71,1.40,11/1/1986
0.87,1.14,0.48,1.13,1.79,0.93,7.33,1.73,7.46,2.71,7.39,1.29,12/1/1986
0.90,1.08,0.53,0.95,1.80,1.45,4.80,1.80,4.56,3.68,4.83,0.89,1/1/1987
0.76,1.02,0.43,0.93,1.54,1.28,6.31,1.56,7.06,2.30,5.84,1.21,2/1/1987
0.94,1.09,0.56,1.10,1.84,1.11,5.38,1.61,5.97,2.42,5.13,1.14,3/1/1987
0.93,1.11,0.56,1.04,1.78,1.34,6.54,2.40,6.98,4.14,6.46,1.54,4/1/1987
0.87,0.88,0.53,0.87,1.66,0.97,6.52,1.94,7.43,3.28,6.05,1.30,5/1/1987
0.87,1.03,0.51,0.98,1.68,1.04,6.08,1.44,6.25,2.59,6.07,0.95,6/1/1987
1.06,0.97,0.62,0.95,2.05,0.99,5.88,1.80,6.32,4.10,5.65,0.70,7/1/1987
0.90,1.02,0.49,1.05,1.79,0.96,5.92,1.60,6.11,4.06,5.88,0.51,8/1/1987
1.08,0.91,0.61,0.99,2.15,0.64,6.42,1.69,6.05,2.84,6.65,1.15,9/1/1987
1.00,0.96,0.52,1.08,2.14,0.63,6.67,1.94,6.61,3.00,6.61,1.44,10/1/1987
0.96,0.92,0.62,0.92,1.78,0.99,6.08,1.71,5.15,3.12,6.50,1.12,11/1/1987
1.05,1.05,0.67,0.94,1.92,1.30,5.45,1.84,7.34,3.07,4.66,1.22,12/1/1987
0.91,0.96,0.59,0.98,1.68,0.91,5.89,1.69,5.81,2.56,5.79,1.16,1/1/1988
0.86,0.80,0.50,0.70,1.70,1.18,5.55,1.60,5.92,2.91,5.36,0.93,2/1/1988
0.94,0.80,0.62,0.80,1.72,0.75,4.68,1.53,5.49,3.06,4.27,0.81,3/1/1988
0.98,0.77,0.47,0.80,2.21,0.67,7.04,1.54,7.02,3.13,7.19,0.83,4/1/1988
0.98,1.17,0.46,1.21,2.27,1.06,5.56,1.88,5.06,2.88,5.80,1.42,5/1/1988
0.98,0.86,0.53,0.89,1.98,0.83,6.35,1.71,5.85,2.71,6.72,1.26,6/1/1988
0.89,0.77,0.45,0.78,1.95,0.73,5.84,1.53,6.29,2.86,5.48,0.93,7/1/1988
0.89,0.80,0.48,0.82,1.82,0.61,6.07,1.47,5.57,1.99,6.33,1.21,8/1/1988
1.15,0.93,0.71,1.02,2.12,0.77,6.04,1.40,5.92,2.45,6.06,0.91,9/1/1988
0.82,0.97,0.51,0.92,1.47,1.17,6.59,1.84,6.16,3.54,6.62,1.02,10/1/1988
0.95,0.90,0.55,0.96,1.80,0.71,6.45,1.24,7.03,2.70,6.36,0.63,11/1/1988
0.88,1.02,0.52,0.90,1.75,1.38,5.72,1.39,5.52,2.46,5.80,0.92,12/1/1988
1.13,1.12,0.72,1.17,2.08,1.02,6.58,1.56,6.89,2.33,6.27,1.12,1/1/1989
1.16,1.18,0.71,1.26,2.13,1.01,6.24,1.30,6.68,1.71,5.95,1.10,2/1/1989
1.01,1.05,0.57,1.04,2.15,0.86,7.69,1.74,8.31,3.00,7.49,1.10,3/1/1989
1.25,1.02,0.71,1.09,2.51,0.82,6.29,1.73,6.56,3.15,6.33,1.00,4/1/1989
0.89,1.14,0.50,1.11,1.72,1.10,5.16,2.20,6.09,2.37,4.75,2.08,5/1/1989
1.08,1.03,0.66,0.92,1.95,1.29,6.39,2.43,6.73,3.74,6.21,1.54,6/1/1989
1.02,1.21,0.62,1.15,1.96,1.27,5.71,1.58,5.88,3.16,5.53,0.87,7/1/1989
1.16,1.00,0.71,0.93,2.17,1.12,6.21,1.63,7.12,2.18,5.72,1.34,8/1/1989
1.19,1.13,0.62,1.16,2.53,1.00,6.72,1.76,6.56,2.80,6.63,1.29,9/1/1989
1.13,1.16,0.66,1.24,2.21,1.04,6.98,2.10,7.69,2.66,6.50,1.81,10/1/1989
1.08,1.21,0.65,1.22,2.08,1.24,7.63,1.76,6.58,2.91,8.24,1.20,11/1/1989
1.08,1.00,0.69,1.08,2.04,0.81,5.65,1.53,4.57,2.84,6.27,0.86,12/1/1989
0.91,1.19,0.45,1.15,2.00,1.19,6.60,1.32,7.28,1.71,6.16,1.08,1/1/1990
1.15,1.13,0.64,1.18,2.34,1.00,6.56,2.06,6.75,3.35,6.38,1.51,2/1/1990
1.07,0.99,0.62,1.00,2.14,0.99,7.23,2.26,7.51,3.44,7.08,1.53,3/1/1990
1.21,1.08,0.70,1.21,2.36,0.83,6.48,1.58,6.43,2.99,6.55,0.78,4/1/1990
0.96,0.83,0.71,0.83,1.51,0.83,5.95,1.62,4.99,2.60,6.59,1.16,5/1/1990
0.97,1.19,0.60,1.11,1.78,1.25,5.82,1.42,5.55,2.43,6.08,0.90,6/1/1990
1.04,1.20,0.62,1.24,2.02,1.11,5.79,1.97,5.94,3.71,5.70,1.04,7/1/1990
1.02,1.23,0.62,1.19,1.93,1.28,6.18,1.84,6.74,3.62,5.86,0.96,8/1/1990
1.02,1.14,0.60,1.07,1.98,1.34,6.18,1.82,7.31,2.34,5.61,1.59,9/1/1990
1.03,1.22,0.56,1.27,2.08,0.96,4.71,1.73,2.98,2.33,5.55,1.29,10/1/1990
1.03,1.35,0.54,1.39,2.18,1.45,6.56,2.09,6.87,3.02,6.48,1.56,11/1/1990
0.91,1.19,0.51,1.30,1.82,0.90,7.06,1.54,7.67,2.83,6.59,0.89,12/1/1990
0.94,1.39,0.62,1.40,1.69,1.35,4.65,2.01,5.32,3.47,4.21,1.01,1/1/1991
0.93,1.54,0.63,1.56,1.62,1.48,5.65,1.83,5.92,2.76,5.47,1.36,2/1/1991
0.95,1.64,0.55,1.59,1.90,1.90,5.31,1.79,6.18,2.20,4.84,1.56,3/1/1991
0.80,1.35,0.49,1.40,1.49,1.24,5.35,2.07,4.98,3.00,5.58,1.48,4/1/1991
0.93,1.38,0.64,1.38,1.62,1.34,5.69,1.69,5.85,3.36,5.57,0.81,5/1/1991
0.72,1.37,0.48,1.37,1.25,1.30,6.29,1.56,6.53,2.31,6.17,1.07,6/1/1991
0.94,1.20,0.62,1.14,1.61,1.18,6.06,1.57,5.65,2.33,6.43,1.05,7/1/1991
0.98,1.39,0.56,1.47,1.92,1.15,5.21,1.78,5.82,2.59,4.88,1.40,8/1/1991
0.81,1.38,0.49,1.41,1.58,1.34,4.85,1.69,4.89,3.08,4.78,0.83,9/1/1991
0.95,1.28,0.62,1.48,1.69,0.80,5.43,1.58,5.26,2.17,5.54,1.22,10/1/1991
0.85,1.42,0.47,1.54,1.67,1.17,5.32,2.13,5.62,3.76,5.21,1.09,11/1/1991
0.85,1.36,0.56,1.44,1.51,1.20,6.22,1.60,7.49,1.64,5.30,1.54,12/1/1991
0.92,1.28,0.54,1.37,1.72,1.16,5.94,2.38,6.51,3.32,5.51,1.78,1/1/1992
0.65,1.37,0.40,1.38,1.14,1.31,4.34,2.03,4.43,3.26,4.30,1.27,2/1/1992
0.92,1.31,0.63,1.39,1.58,1.08,5.74,1.85,5.38,2.27,6.09,1.59,3/1/1992
0.75,1.63,0.45,1.61,1.48,1.70,5.82,1.69,6.45,2.77,5.53,1.01,4/1/1992
0.77,1.37,0.49,1.33,1.47,1.46,5.87,2.42,5.63,3.78,6.17,1.66,5/1/1992
0.75,1.16,0.40,1.25,1.50,0.97,6.22,2.16,6.89,3.49,5.88,1.31,6/1/1992
0.82,1.17,0.58,1.26,1.38,1.00,5.54,2.16,5.38,3.37,5.69,1.44,7/1/1992
0.95,1.08,0.62,1.16,1.65,0.83,5.75,2.38,6.43,3.70,5.44,1.75,8/1/1992
0.78,1.37,0.51,1.35,1.49,1.32,5.30,1.96,5.70,2.31,5.15,1.76,9/1/1992
0.76,1.35,0.46,1.43,1.55,1.20,6.31,2.18,6.19,3.44,6.31,1.41,10/1/1992
0.74,1.39,0.45,1.44,1.44,1.46,5.54,1.98,5.34,2.60,5.71,1.63,11/1/1992
0.83,1.33,0.52,1.36,1.55,1.16,5.13,2.17,5.42,2.41,4.90,1.77,12/1/1992
0.79,1.24,0.55,1.23,1.33,1.36,4.93,2.42,4.14,3.42,5.42,1.74,1/1/1993
0.88,1.24,0.63,1.21,1.43,1.34,6.65,2.21,6.90,3.23,6.36,1.46,2/1/1993
0.92,1.21,0.60,1.32,1.60,0.83,5.45,2.09,6.63,2.61,4.69,1.68,3/1/1993
1.03,1.09,0.66,1.13,1.85,1.18,4.76,2.00,5.25,3.39,4.54,1.11,4/1/1993
0.92,1.17,0.59,1.25,1.67,0.96,6.86,2.26,7.04,3.50,6.82,1.47,5/1/1993
1.06,1.01,0.67,1.24,1.93,0.65,6.21,2.17,6.29,2.46,6.37,1.95,6/1/1993
0.93,1.20,0.63,1.28,1.61,1.08,5.34,2.57,5.59,3.89,5.17,1.70,7/1/1993
0.68,1.35,0.41,1.38,1.32,1.24,5.48,1.62,5.90,2.66,5.24,0.94,8/1/1993
1.01,1.25,0.71,1.34,1.71,0.94,4.86,2.22,4.68,3.74,4.88,1.29,9/1/1993
0.81,1.24,0.59,1.27,1.26,1.25,5.79,1.94,5.61,3.40,5.89,1.01,10/1/1993
0.76,1.18,0.54,1.17,1.22,1.28,4.80,1.90,5.06,2.51,4.75,1.50,11/1/1993
0.77,1.38,0.58,1.31,1.24,1.63,4.23,1.89,4.85,3.21,3.67,0.94,12/1/1993
1.17,1.07,0.72,1.05,2.00,1.19,7.51,1.92,7.80,2.14,7.20,1.83,1/1/1994
0.90,0.94,0.57,0.93,1.69,0.90,6.86,2.26,5.10,3.47,8.16,1.40,2/1/1994
0.84,0.90,0.64,0.85,1.29,1.08,6.33,1.89,6.12,3.19,6.63,0.85,3/1/1994
0.90,0.94,0.60,0.99,1.55,0.84,5.81,2.11,5.90,3.02,5.56,1.40,4/1/1994
0.94,0.85,0.66,0.86,1.50,0.81,5.64,2.32,5.60,3.02,5.69,1.79,5/1/1994
0.99,0.98,0.73,1.02,1.58,0.86,5.69,2.47,5.01,3.38,6.32,1.65,6/1/1994
0.67,1.07,0.49,1.03,1.08,1.07,6.27,2.06,6.55,2.31,6.00,1.74,7/1/1994
0.83,0.86,0.64,0.75,1.13,0.99,5.90,2.01,6.24,2.16,5.76,1.94,8/1/1994
0.77,0.85,0.57,0.78,1.26,1.16,5.85,2.21,6.01,3.17,5.75,1.60,9/1/1994
0.90,0.71,0.67,0.65,1.37,0.87,4.78,2.07,5.38,2.34,4.26,1.79,10/1/1994
0.90,0.81,0.58,0.78,1.54,0.86,6.26,2.39,5.63,3.45,6.99,1.59,11/1/1994
0.88,0.77,0.63,0.78,1.54,0.75,4.91,2.02,5.68,3.00,4.22,1.22,12/1/1994
0.82,1.07,0.48,1.16,1.54,0.95,6.01,1.92,6.26,3.01,5.62,1.04,1/1/1995
0.93,0.96,0.71,0.97,1.44,0.97,5.72,1.87,6.41,2.77,5.28,1.23,2/1/1995
0.69,0.86,0.48,0.83,1.17,1.03,5.50,1.28,5.11,1.44,5.83,1.18,3/1/1995
0.75,1.02,0.52,1.01,1.25,1.03,5.23,2.14,6.13,3.43,4.60,1.13,4/1/1995
0.90,0.83,0.62,0.88,1.42,0.63,5.70,2.06,5.83,2.74,5.62,1.53,5/1/1995
0.71,0.78,0.57,0.87,1.11,0.85,5.38,1.91,5.70,2.71,5.30,1.33,6/1/1995
0.75,0.83,0.56,0.88,1.20,0.87,5.70,1.86,5.92,2.68,5.35,1.25,7/1/1995
0.77,0.86,0.57,0.90,1.17,0.85,5.78,1.85,5.95,2.67,5.75,1.27,8/1/1995
0.74,0.90,0.54,0.93,1.16,0.86,5.39,1.78,5.75,2.61,5.01,1.22,9/1/1995
0.81,0.87,0.59,0.87,1.33,0.94,5.70,1.89,6.00,2.70,5.42,1.26,10/1/1995
0.73,0.91,0.65,0.92,0.94,0.95,5.53,1.38,5.16,2.16,5.81,0.86,11/1/1995
0.63,0.81,0.50,0.80,0.85,0.98,5.15,2.10,5.86,2.87,4.38,1.23,12/1/1995
0.77,1.01,0.50,1.03,1.46,0.92,4.61,2.13,4.13,3.15,4.96,1.28,1/1/1996
0.95,0.81,0.76,0.86,1.37,0.72,6.12,1.86,7.56,2.49,4.89,1.50,2/1/1996
0.89,0.96,0.66,1.05,1.45,0.79,5.34,1.64,6.47,1.84,4.42,1.41,3/1/1996
0.84,0.94,0.70,1.06,1.19,0.70,5.24,2.18,5.74,3.39,4.90,1.19,4/1/1996
0.80,1.07,0.60,0.99,1.29,1.20,5.13,1.43,5.83,1.94,4.60,1.02,5/1/1996
0.72,0.90,0.62,0.81,1.02,0.87,5.66,1.87,5.46,3.05,5.95,1.06,6/1/1996
0.79,0.94,0.54,1.03,1.35,0.68,6.54,2.12,6.84,2.88,6.40,1.49,7/1/1996
0.80,0.80,0.55,0.80,1.37,0.77,5.61,1.77,5.13,2.74,5.83,1.15,8/1/1996
0.74,0.77,0.58,0.78,1.09,0.76,5.66,2.28,7.31,2.76,4.71,2.01,9/1/1996
0.69,0.87,0.48,0.79,1.20,1.22,5.84,1.99,5.86,3.10,5.82,1.13,10/1/1996
0.93,0.86,0.82,0.78,1.23,1.06,5.19,2.40,5.77,2.78,4.85,2.17,11/1/1996
0.81,0.88,0.54,0.82,1.41,1.10,4.83,1.82,5.43,2.80,4.34,1.06,12/1/1996
0.83,0.90,0.66,0.91,1.27,0.96,5.80,1.83,5.72,2.27,5.73,1.51,1/1/1997
0.83,0.74,0.56,0.79,1.62,0.50,5.85,2.20,5.85,3.45,5.79,1.33,2/1/1997
0.65,1.01,0.53,1.04,0.93,1.00,6.07,1.85,6.51,2.76,5.79,1.05,3/1/1997
0.84,0.74,0.57,0.81,1.47,0.54,6.26,1.64,6.83,2.34,6.10,1.12,4/1/1997
1.06,0.74,0.78,0.75,1.65,0.65,5.84,2.34,5.92,2.93,5.84,1.92,5/1/1997
0.79,0.83,0.55,0.88,1.31,0.73,5.73,2.40,6.57,3.63,4.81,1.51,6/1/1997
0.60,0.86,0.54,0.87,0.73,0.85,6.05,2.07,6.58,2.57,5.71,1.67,7/1/1997
0.78,0.78,0.54,0.71,1.26,0.91,6.61,2.09,6.92,3.12,6.41,1.30,8/1/1997
0.90,0.67,0.74,0.68,1.18,0.60,6.41,1.64,7.84,2.13,5.60,1.23,9/1/1997
0.89,0.90,0.69,0.85,1.21,1.18,6.39,1.64,7.76,2.79,5.39,0.81,10/1/1997
0.98,0.79,0.63,0.77,1.83,0.89,6.47,1.23,6.57,1.41,6.47,1.13,11/1/1997
0.89,0.81,0.67,0.83,1.54,0.76,7.52,1.81,8.18,2.94,6.92,0.99,12/1/1997
0.82,0.72,0.62,0.67,1.27,0.97,5.36,1.42,5.27,2.05,5.31,0.94,1/1/1998
0.93,0.81,0.68,0.79,1.61,0.90,6.35,1.71,6.44,2.37,6.04,1.28,2/1/1998
0.84,1.00,0.57,0.97,1.48,1.18,6.16,1.33,5.69,2.12,6.51,0.72,3/1/1998
1.05,0.76,0.92,0.71,1.17,1.02,6.29,1.51,6.86,2.58,5.91,0.70,4/1/1998
0.92,0.72,0.67,0.77,1.52,0.51,6.58,1.63,8.07,2.55,5.37,1.02,5/1/1998
0.98,0.63,0.79,0.59,1.44,0.64,5.47,1.75,6.13,2.66,4.81,0.92,6/1/1998
1.29,0.71,0.91,0.85,2.21,0.49,6.16,1.39,6.85,2.33,5.64,0.68,7/1/1998
0.68,0.73,0.44,0.74,1.25,0.65,8.46,1.69,9.49,2.82,7.95,0.97,8/1/1998
0.91,0.80,0.76,0.76,1.24,0.84,7.49,1.80,7.79,2.10,7.19,1.57,9/1/1998
0.86,0.67,0.61,0.67,1.44,0.72,6.63,0.98,7.02,0.96,6.36,0.75,10/1/1998
0.87,0.82,0.68,0.88,1.37,0.69,6.74,2.02,9.19,2.55,4.97,1.52,11/1/1998
1.06,0.75,0.75,0.75,1.72,0.74,5.76,1.78,4.70,2.86,6.21,0.94,12/1/1998
0.92,0.78,0.70,0.82,1.38,0.72,6.60,1.64,8.00,2.00,5.62,1.44,1/1/1999
0.91,0.79,0.59,0.78,1.56,0.81,5.67,1.52,6.28,1.39,5.16,1.72,2/1/1999
1.05,0.71,0.84,0.76,1.52,0.53,8.05,1.61,8.76,2.04,7.56,1.26,3/1/1999
0.81,0.87,0.67,0.83,1.17,1.18,7.11,1.34,7.99,1.59,6.59,1.18,4/1/1999
0.81,0.91,0.58,0.93,1.31,0.79,6.93,1.89,7.65,3.32,6.33,0.80,5/1/1999
0.99,0.63,0.81,0.54,1.40,0.66,6.99,1.52,7.85,2.34,6.23,0.89,6/1/1999
0.88,0.76,0.58,0.76,1.60,0.80,6.28,1.64,7.49,2.82,5.16,0.69,7/1/1999
0.89,0.86,0.66,0.96,1.38,0.61,5.63,1.75,6.79,3.22,4.91,0.81,8/1/1999
1.08,0.70,0.80,0.69,1.65,0.76,5.48,1.44,5.96,2.36,5.06,0.72,9/1/1999
0.64,0.81,0.38,0.82,1.14,0.82,6.26,1.37,7.33,1.43,5.35,1.32,10/1/1999
0.78,0.69,0.74,0.59,0.79,1.05,6.09,2.21,7.43,2.78,5.18,1.74,11/1/1999
0.80,0.73,0.56,0.66,1.35,0.95,6.08,1.99,6.78,2.47,5.51,1.49,12/1/1999
0.85,0.82,0.58,0.87,1.47,0.71,7.35,1.55,7.96,2.56,6.57,0.66,1/1/2000
0.98,0.62,0.62,0.66,1.66,0.50,6.09,1.99,7.34,2.73,5.20,1.56,2/1/2000
0.90,0.71,0.62,0.72,1.52,0.74,5.65,1.81,6.26,2.20,5.19,1.28,3/1/2000
0.85,0.66,0.73,0.57,1.16,0.93,6.75,2.06,7.95,3.30,5.81,0.99,4/1/2000
0.82,1.19,0.64,1.10,1.25,1.23,5.37,1.76,5.15,2.70,5.38,0.94,5/1/2000
0.89,0.73,0.71,0.70,1.33,0.78,7.06,1.44,9.34,2.12,5.21,0.98,6/1/2000
1.03,0.74,0.91,0.65,1.34,0.87,4.90,1.51,6.27,1.67,3.78,1.37,7/1/2000
0.91,0.65,0.68,0.64,1.39,0.62,5.20,1.43,6.74,2.20,4.07,0.82,8/1/2000
0.92,0.74,0.68,0.77,1.36,0.59,6.35,1.95,6.86,2.70,5.87,1.41,9/1/2000
0.98,0.70,0.73,0.66,1.61,0.81,7.07,1.72,8.12,2.81,6.33,0.79,10/1/2000
1.13,0.75,0.94,0.80,1.56,0.51,6.89,1.71,8.42,2.67,5.73,0.99,11/1/2000
1.11,0.61,0.92,0.65,1.62,0.56,7.10,1.58,7.18,2.34,7.10,1.02,12/1/2000
0.87,0.80,0.70,0.83,1.33,0.64,8.02,1.62,9.40,1.78,7.00,1.53,1/1/2001
1.05,0.96,0.81,0.99,1.71,0.78,6.42,1.65,6.40,2.36,6.34,1.20,2/1/2001
0.88,0.78,0.85,0.74,1.01,0.99,6.60,1.85,6.70,2.71,6.60,1.20,3/1/2001
0.92,0.90,0.67,0.99,1.49,0.82,5.72,1.72,8.05,2.64,3.94,0.81,4/1/2001
1.11,0.80,0.76,0.72,1.90,0.86,6.51,1.60,7.89,2.01,5.10,1.31,5/1/2001
0.86,1.00,0.60,0.97,1.51,0.97,6.09,1.71,7.13,1.70,5.24,1.66,6/1/2001
0.72,0.84,0.50,0.84,1.38,0.85,6.89,1.58,6.81,2.44,6.88,0.84,7/1/2001
0.98,1.02,0.65,0.99,1.81,0.98,6.94,1.92,6.40,3.11,7.34,1.12,8/1/2001
0.90,0.94,0.64,0.90,1.63,1.01,7.39,1.58,7.56,2.46,7.24,0.89,9/1/2001
0.92,1.05,0.72,1.11,1.32,0.80,5.99,2.02,6.71,3.15,5.35,1.15,10/1/2001
0.99,1.06,0.68,1.14,1.72,1.02,6.34,1.86,6.78,2.29,6.05,1.49,11/1/2001
0.78,0.96,0.66,0.92,1.02,1.24,6.90,1.50,7.41,2.24,6.40,0.92,12/1/2001
0.98,0.92,0.84,0.94,1.32,0.84,5.58,2.12,5.97,2.10,5.33,2.16,1/1/2002
0.94,0.95,0.80,1.01,1.27,0.72,6.46,1.92,6.37,2.68,6.15,1.49,2/1/2002
1.06,0.85,0.90,0.80,1.48,1.15,6.13,2.02,6.39,3.17,5.68,1.08,3/1/2002
0.86,1.03,0.64,1.00,1.42,1.22,7.10,1.96,7.40,2.92,6.94,0.97,4/1/2002
0.97,0.88,0.72,0.95,1.60,0.65,6.54,1.65,7.22,1.76,5.81,1.60,5/1/2002
0.85,0.94,0.50,1.18,1.71,0.58,6.19,2.37,6.42,3.94,5.95,1.14,6/1/2002
0.91,1.05,0.79,1.06,1.15,0.95,5.70,1.70,6.89,2.49,4.68,1.07,7/1/2002
0.99,0.96,0.72,1.01,1.59,0.81,6.45,1.90,8.34,2.42,4.96,1.61,8/1/2002
0.71,0.95,0.54,0.93,1.12,1.04,5.68,1.71,6.55,2.93,5.01,0.75,9/1/2002
0.88,0.92,0.65,1.00,1.50,0.75,6.50,1.62,8.04,2.85,5.17,0.63,10/1/2002
0.87,1.11,0.65,1.19,1.46,0.97,6.40,2.51,7.45,3.14,5.57,2.01,11/1/2002
0.76,0.92,0.58,0.93,1.24,0.92,6.50,2.16,7.88,2.87,5.50,1.53,12/1/2002
0.96,0.93,0.73,0.94,1.37,0.90,5.51,1.61,6.20,2.38,4.80,0.89,1/1/2003
0.72,0.82,0.50,0.91,1.16,0.57,5.05,1.58,5.54,2.39,4.58,1.02,2/1/2003
0.89,0.92,0.74,1.04,1.30,0.55,5.98,1.64,6.37,2.51,5.70,0.91,3/1/2003
0.85,1.06,0.62,1.12,1.67,0.59,6.70,1.68,8.14,2.12,5.76,1.31,4/1/2003
0.80,0.97,0.60,1.03,1.26,0.84,5.23,1.78,6.16,3.07,4.44,0.73,5/1/2003
0.81,0.89,0.54,1.08,1.45,0.64,6.88,1.55,7.48,2.19,6.55,1.10,6/1/2003
0.75,0.87,0.53,0.92,1.23,0.77,5.82,1.68,5.96,2.26,5.83,1.08,7/1/2003
0.87,1.07,0.73,1.09,0.98,1.11,6.41,1.44,7.90,2.09,5.05,0.92,8/1/2003
0.62,0.90,0.43,0.89,1.00,0.94,6.16,1.81,6.70,2.81,5.59,1.01,9/1/2003
0.88,1.01,0.74,1.06,1.17,1.00,6.66,2.18,6.94,2.79,6.22,1.66,10/1/2003
0.86,0.92,0.57,0.99,1.57,0.69,6.65,1.60,7.49,2.57,5.73,0.88,11/1/2003
0.89,1.08,0.77,1.10,1.17,1.00,5.69,2.02,6.34,2.38,5.19,1.66,12/1/2003
1.02,0.73,0.77,0.78,1.58,0.59,5.67,1.83,7.38,2.66,4.24,1.11,1/1/2004
0.78,0.89,0.56,0.93,1.27,0.84,5.68,1.96,6.13,2.43,5.21,1.70,2/1/2004
0.91,0.81,0.68,0.89,1.48,0.53,6.21,1.97,7.21,2.56,5.29,1.39,3/1/2004
0.85,0.85,0.59,0.94,1.38,0.78,6.20,1.71,6.44,2.11,6.16,1.31,4/1/2004
1.04,1.00,0.80,1.01,1.59,0.92,5.57,1.05,5.66,1.23,5.49,0.98,5/1/2004
0.81,0.92,0.69,0.95,1.13,0.79,6.37,1.77,7.83,2.48,5.08,1.17,6/1/2004
1.10,0.87,0.87,0.88,1.65,0.86,6.02,1.57,7.29,2.21,4.53,0.91,7/1/2004
0.98,0.98,0.78,1.01,1.38,0.93,5.23,1.76,4.88,2.04,5.55,1.59,8/1/2004
0.96,0.80,0.72,0.89,1.46,0.53,5.76,1.46,6.53,2.12,5.20,0.92,9/1/2004
0.96,0.83,0.79,0.85,1.36,0.77,6.29,1.69,6.79,2.53,5.71,1.04,10/1/2004
0.84,0.85,0.68,0.87,1.18,0.77,5.31,1.71,6.36,2.72,4.51,0.91,11/1/2004
0.89,0.84,0.63,0.90,1.52,0.77,5.23,2.24,6.09,3.27,4.55,1.32,12/1/2004
0.98,0.82,0.75,0.91,1.55,0.58,5.87,1.30,6.79,1.79,5.13,0.92,1/1/2005
0.91,0.76,0.89,0.77,0.96,0.76,5.78,1.87,5.68,2.52,5.98,1.24,2/1/2005
0.88,0.75,0.73,0.80,1.30,0.65,5.27,1.76,5.80,2.43,4.62,1.18,3/1/2005
0.96,0.76,0.77,0.79,1.43,0.63,5.73,1.56,7.04,1.89,4.58,1.29,4/1/2005
0.89,0.79,0.85,0.77,0.88,0.91,6.40,1.25,6.94,2.27,6.05,0.44,5/1/2005
0.98,0.85,0.78,0.66,1.57,0.95,5.63,1.73,6.84,2.08,4.38,1.43,6/1/2005
1.02,0.92,0.83,0.96,1.46,0.84,6.48,1.61,7.45,2.44,5.66,0.95,7/1/2005
0.90,0.68,0.70,0.69,1.30,0.60,5.47,1.67,5.92,1.59,5.00,1.74,8/1/2005
0.76,0.85,0.53,0.94,1.43,0.50,5.85,1.88,5.41,2.65,5.97,1.27,9/1/2005
0.91,0.83,0.67,0.83,1.47,0.82,5.04,2.17,5.25,2.83,4.78,1.70,10/1/2005
1.00,0.70,0.76,0.68,1.63,0.69,5.57,1.33,5.64,1.77,5.42,0.88,11/1/2005
1.14,0.76,0.93,0.83,1.74,0.60,6.36,1.56,6.13,2.01,6.49,1.22,12/1/2005
0.89,0.77,0.95,0.72,0.86,0.93,7.32,1.67,8.17,2.61,6.52,0.77,1/1/2006
0.94,0.77,0.63,0.80,1.70,0.78,6.32,1.93,7.91,2.72,5.00,1.17,2/1/2006
0.87,0.80,0.66,0.89,1.42,0.57,6.13,1.60,7.71,2.06,4.77,1.25,3/1/2006
1.00,0.73,0.81,0.83,1.43,0.48,6.20,1.54,6.76,2.19,5.75,1.02,4/1/2006
0.83,0.82,0.63,0.82,1.38,0.65,6.19,1.49,6.76,2.48,5.76,0.61,5/1/2006
0.86,0.76,0.67,0.62,1.33,0.96,6.31,1.50,5.83,2.13,6.81,0.95,6/1/2006
0.99,0.86,0.72,1.00,1.67,0.56,6.57,1.69,7.38,2.00,5.75,1.45,7/1/2006
1.04,0.65,0.76,0.74,1.51,0.43,6.05,1.50,6.68,2.09,5.37,0.96,8/1/2006
1.08,0.76,0.83,0.74,1.57,0.74,6.46,1.33,7.20,1.49,5.75,1.14,9/1/2006
1.23,0.60,0.97,0.65,2.00,0.53,6.35,1.80,7.55,1.66,5.21,1.81,10/1/2006
1.06,0.63,0.89,0.69,1.52,0.40,6.71,1.55,7.82,2.55,5.37,0.67,11/1/2006
0.88,0.96,0.79,1.01,1.19,0.97,6.82,1.11,7.74,1.66,6.09,0.62,12/1/2006
0.85,0.93,0.67,0.94,1.40,0.77,6.44,1.62,6.77,2.49,6.11,0.81,1/1/2007
1.24,0.92,0.97,1.07,1.87,0.54,7.23,2.06,7.88,3.11,6.61,1.20,2/1/2007
0.96,0.73,0.79,0.79,1.28,0.62,5.89,1.60,6.77,2.33,5.12,0.99,3/1/2007
0.95,0.81,0.70,0.83,1.62,0.80,6.68,1.32,8.51,1.68,5.35,1.07,4/1/2007
0.74,0.67,0.50,0.70,1.46,0.50,7.22,1.70,8.07,2.43,6.62,0.94,5/1/2007
0.91,0.77,0.79,0.71,1.24,0.82,5.81,1.67,6.10,2.10,5.69,1.28,6/1/2007
0.84,0.72,0.59,0.83,1.49,0.56,6.31,1.92,5.71,2.95,6.87,1.00,7/1/2007
1.18,0.53,0.77,0.56,2.29,0.45,6.41,1.55,7.53,1.43,5.57,1.67,8/1/2007
1.06,0.59,0.86,0.70,1.55,0.22,6.39,1.26,7.06,1.56,5.70,0.94,9/1/2007
1.01,0.79,0.70,0.74,1.79,0.84,5.70,1.64,6.06,1.98,5.22,1.28,10/1/2007
0.91,0.67,0.61,0.74,1.61,0.50,6.05,1.46,6.17,1.82,5.89,1.15,11/1/2007
1.12,0.77,0.90,0.84,1.71,0.68,6.43,1.55,7.76,2.11,5.13,1.13,12/1/2007
0.99,0.78,0.74,0.85,1.62,0.52,4.81,1.62,5.07,2.26,4.64,0.97,1/1/2008
0.92,0.72,0.78,0.80,1.20,0.56,5.65,1.55,6.73,2.04,4.77,1.15,2/1/2008
1.07,0.88,0.91,0.84,1.43,1.13,5.41,1.91,6.38,2.77,4.47,0.98,3/1/2008
0.85,0.81,0.71,0.91,1.19,0.48,5.84,2.02,5.63,2.39,6.26,1.60,4/1/2008
1.00,1.01,0.91,1.05,1.19,0.90,6.19,1.88,6.16,2.87,6.34,1.02,5/1/2008
0.99,0.79,0.81,0.92,1.55,0.59,6.03,1.43,6.66,1.98,5.36,0.95,6/1/2008
0.80,0.87,0.69,1.00,1.06,0.61,5.80,1.90,7.32,2.23,4.49,1.51,7/1/2008
1.03,0.89,0.81,0.90,1.52,1.03,5.56,2.04,5.62,2.50,5.56,1.80,8/1/2008
0.91,0.93,0.63,0.99,1.71,0.75,5.62,2.12,6.44,2.56,4.89,1.70,9/1/2008
0.81,1.17,0.66,1.29,1.26,0.83,5.10,2.09,5.00,2.89,5.00,1.24,10/1/2008
0.65,1.30,0.42,1.38,1.07,1.10,6.06,1.74,5.98,2.05,5.97,1.45,11/1/2008
0.87,1.36,0.67,1.56,1.46,0.75,5.58,2.41,6.50,3.30,4.82,1.46,12/1/2008
0.70,1.37,0.46,1.55,1.27,0.93,5.56,2.83,5.95,3.69,4.93,2.02,1/1/2009
0.50,1.72,0.47,1.74,0.54,1.79,5.74,1.76,5.15,2.28,6.10,1.29,2/1/2009
0.97,1.45,0.68,1.59,1.63,1.15,5.03,1.86,6.72,2.11,3.40,1.68,3/1/2009
0.81,1.23,0.66,1.40,1.20,0.78,5.59,1.80,5.89,2.43,5.45,1.19,4/1/2009
0.87,1.28,0.64,1.48,1.52,0.80,4.80,2.61,6.36,3.96,3.37,1.43,5/1/2009
0.74,1.27,0.60,1.65,1.06,0.72,4.79,2.15,5.31,2.75,4.16,1.44,6/1/2009
0.58,1.23,0.52,1.35,0.72,1.05,4.46,2.17,5.21,2.94,3.63,1.19,7/1/2009
0.85,1.19,0.67,1.34,1.11,0.77,5.17,2.03,5.72,3.18,4.63,1.11,8/1/2009
0.71,1.55,0.55,1.60,1.05,1.35,5.05,2.30,5.48,3.86,4.56,0.79,9/1/2009
0.82,1.39,0.72,1.58,1.03,0.88,5.07,3.47,5.00,4.20,4.96,2.78,10/1/2009
0.81,1.20,0.75,1.38,0.96,0.71,4.49,2.56,5.03,3.88,3.92,1.11,11/1/2009
0.86,1.40,0.74,1.52,1.01,1.16,5.71,2.76,6.26,4.07,5.18,1.38,12/1/2009
0.61,1.17,0.60,1.21,0.61,1.10,5.94,2.56,6.92,3.80,5.01,1.29,1/1/2010
0.80,1.23,0.78,1.26,0.78,1.23,5.87,2.57,6.52,3.87,5.21,1.17,2/1/2010
0.74,1.43,0.66,1.37,0.89,1.58,5.41,3.22,5.99,4.40,4.66,1.76,3/1/2010
0.71,1.03,0.63,1.16,0.91,0.81,4.93,2.98,5.12,3.54,4.99,2.18,4/1/2010
0.96,0.91,0.82,1.02,1.32,0.60,5.31,1.94,6.10,2.60,4.57,1.32,5/1/2010
0.60,1.03,0.55,1.22,0.81,0.67,4.62,2.26,4.70,2.82,4.51,1.40,6/1/2010
0.83,1.14,0.61,1.37,1.35,0.74,5.27,2.14,5.76,2.49,4.82,1.76,7/1/2010
0.74,1.27,0.54,1.42,1.26,0.96,6.09,2.05,6.79,2.47,5.17,1.69,8/1/2010
0.88,1.13,0.76,1.22,1.01,0.87,5.21,1.88,5.21,2.74,4.90,1.03,9/1/2010
0.93,1.08,0.70,1.14,1.31,0.94,5.12,1.70,6.14,2.47,3.98,0.96,10/1/2010
0.70,1.23,0.48,1.31,1.20,0.90,5.61,2.60,5.97,2.94,5.07,1.90,11/1/2010
0.89,1.15,0.77,1.28,1.28,0.86,5.39,2.42,5.90,3.52,5.04,1.26,12/1/2010
0.89,1.10,0.85,1.17,1.04,0.89,5.39,2.12,5.78,3.25,4.98,0.95,1/1/2011
0.84,0.95,0.61,1.07,1.32,0.62,5.97,2.53,7.55,3.67,4.50,1.06,2/1/2011
0.88,1.16,0.68,1.27,1.24,0.92,5.47,3.02,5.62,4.02,5.12,1.87,3/1/2011
0.84,0.96,0.72,0.98,1.16,0.82,5.67,2.77,6.28,3.58,5.21,1.77,4/1/2011
0.82,1.21,0.66,1.23,1.31,1.03,5.16,2.24,6.75,2.80,3.23,1.62,5/1/2011
0.98,1.06,0.95,1.19,1.08,0.89,5.37,2.32,5.60,2.73,5.07,1.70,6/1/2011
0.96,0.97,0.84,1.08,1.23,0.82,5.60,2.41,6.17,3.27,4.97,1.61,7/1/2011
0.51,0.92,0.33,0.91,0.98,0.90,5.26,1.89,5.73,2.60,4.62,1.19,8/1/2011
1.05,1.04,0.85,1.13,1.41,0.82,5.33,2.53,5.65,2.96,4.76,2.05,9/1/2011
0.87,1.21,0.78,1.32,1.11,0.92,4.69,2.10,4.80,2.42,4.31,1.82,10/1/2011
0.98,1.14,0.97,1.16,1.05,0.95,4.71,2.75,5.75,3.46,3.54,1.82,11/1/2011
0.89,1.04,0.91,1.13,0.88,0.92,5.37,1.35,6.10,1.96,4.73,0.81,12/1/2011
0.96,0.91,0.80,0.91,1.34,0.91,4.96,2.29,5.75,3.24,4.25,1.21,1/1/2012
0.73,0.94,0.54,0.96,1.22,0.86,4.08,2.38,4.23,2.85,4.03,2.02,2/1/2012
0.81,0.92,0.81,0.98,0.69,1.04,5.26,1.88,5.65,2.14,4.48,1.75,3/1/2012
0.75,1.19,0.62,1.23,1.14,1.21,5.16,1.99,6.07,2.19,4.29,1.74,4/1/2012
0.60,1.16,0.58,1.22,0.60,0.84,5.40,2.52,5.62,3.17,5.11,1.59,5/1/2012
0.93,1.10,0.75,1.21,1.47,0.90,4.74,2.46,4.69,2.96,4.72,1.85,6/1/2012
0.75,0.91,0.71,0.98,0.85,0.79,5.58,2.38,5.27,2.83,6.19,1.92,7/1/2012
0.92,1.05,0.79,1.05,1.08,1.22,5.08,1.58,5.71,2.38,4.56,0.66,8/1/2012
0.82,1.01,0.75,1.15,0.91,0.61,5.74,2.32,7.16,3.29,4.35,1.41,9/1/2012
0.81,0.91,0.67,0.98,1.17,0.63,5.02,2.41,5.81,2.99,3.80,1.65,10/1/2012
0.75,1.02,0.62,1.13,1.22,0.70,4.00,2.92,4.74,3.95,3.22,1.79,11/1/2012
0.68,1.10,0.56,1.12,0.99,1.08,5.34,1.88,5.81,2.29,5.00,1.35,12/1/2012
0.79,1.11,0.67,1.19,1.07,0.74,5.39,1.98,5.83,2.72,4.94,1.01,1/1/2013
0.95,0.87,0.71,0.94,1.66,0.54,4.78,1.98,5.50,3.00,4.07,1.02,2/1/2013
0.92,0.85,0.68,0.94,1.45,0.69,5.57,1.58,5.81,2.06,5.45,1.12,3/1/2013
1.01,1.07,0.81,1.22,1.51,0.66,4.40,2.31,5.73,2.50,3.02,1.76,4/1/2013
0.79,1.02,0.60,1.03,1.31,0.96,5.26,2.43,5.85,3.29,4.69,1.64,5/1/2013
1.11,0.84,1.01,0.87,1.55,0.77,5.58,1.59,6.24,2.48,4.88,0.73,6/1/2013
0.68,0.90,0.50,0.88,1.09,0.82,5.63,1.70,5.81,2.64,5.19,0.43,7/1/2013
0.89,1.06,0.81,1.22,0.90,0.63,5.70,2.38,6.50,4.00,4.98,0.88,8/1/2013
1.10,0.87,0.89,0.92,1.66,0.62,5.43,2.01,5.80,2.49,4.88,1.46,9/1/2013
1.02,1.23,0.86,1.30,1.41,0.91,5.13,2.15,5.58,2.44,4.63,1.77,10/1/2013
0.80,0.76,0.65,0.78,1.10,0.64,5.38,2.00,6.40,2.80,4.07,1.11,11/1/2013
0.93,0.81,0.90,0.85,1.09,0.71,4.70,2.01,5.43,2.45,3.98,1.46,12/1/2013
0.91,0.88,0.79,0.97,1.14,0.62,6.22,1.94,7.07,2.39,5.19,1.22,1/1/2014
0.72,0.84,0.68,0.82,0.79,0.97,5.32,1.60,5.53,1.79,4.97,1.50,2/1/2014
0.95,0.95,0.77,1.07,1.71,0.41,5.37,2.41,6.27,2.98,4.34,1.73,3/1/2014
0.89,0.92,0.74,1.03,1.37,0.39,4.66,1.61,5.15,2.22,4.31,0.80,4/1/2014
0.91,0.89,0.74,0.96,1.42,0.58,5.44,1.74,6.64,1.82,4.10,1.67,5/1/2014
1.07,0.75,1.01,0.68,1.26,0.85,5.73,2.45,6.36,3.28,4.87,1.41,6/1/2014
0.76,0.87,0.56,0.71,1.14,0.99,4.41,1.42,4.92,1.70,3.69,1.09,7/1/2014
0.81,0.95,0.73,1.10,0.97,0.74,5.08,2.31,5.70,3.48,4.40,1.20,8/1/2014
1.16,0.84,1.14,0.73,0.90,1.27,4.43,1.68,5.08,1.86,3.74,1.34,9/1/2014
0.65,0.89,0.56,0.90,0.91,0.90,5.15,1.20,6.21,1.50,3.89,0.84,10/1/2014
1.01,1.06,0.85,1.03,1.52,0.99,5.59,2.02,6.18,2.80,4.83,1.18,11/1/2014
1.05,0.73,0.87,0.75,1.55,0.58,5.30,1.68,6.14,2.26,4.24,1.03,12/1/2014
1.14,0.71,0.85,0.82,1.72,0.41,5.89,1.99,7.03,2.34,4.70,1.60,1/1/2015
0.95,0.91,0.74,0.99,1.57,0.63,6.17,1.42,7.43,2.12,5.00,0.64,2/1/2015
1.18,0.88,0.91,0.97,1.77,0.73,6.56,1.73,7.63,2.43,5.41,0.88,3/1/2015
0.86,0.89,0.69,0.88,1.26,0.89,6.65,2.20,8.49,2.74,4.87,1.54,4/1/2015
1.11,0.79,0.91,0.90,1.53,0.43,5.65,1.90,5.49,2.87,5.91,0.89,5/1/2015
0.98,0.90,0.86,0.93,1.42,0.84,6.61,1.30,7.70,2.10,4.79,0.43,6/1/2015
1.38,0.81,1.16,0.71,1.92,0.95,7.03,1.98,7.86,2.47,5.99,1.56,7/1/2015
0.95,0.93,0.73,0.95,1.52,0.93,5.43,1.80,7.05,2.66,3.70,1.00,8/1/2015
1.14,0.78,0.93,0.80,1.59,0.61,5.62,1.73,7.46,2.45,3.62,0.81,9/1/2015
1.09,0.84,0.98,0.91,1.27,0.62,5.46,1.34,5.25,1.61,5.58,0.96,10/1/2015
0.92,0.81,0.65,0.86,1.53,0.66,6.84,1.11,6.96,1.78,6.55,0.39,11/1/2015
1.39,0.86,1.13,0.99,2.10,0.40,6.45,1.33,7.18,1.65,5.64,0.94,12/1/2015
1.02,0.85,0.74,0.91,1.54,0.72,5.37,2.12,6.13,2.50,4.50,1.82,1/1/2016
1.17,0.78,1.03,0.73,1.45,1.02,6.13,1.76,8.12,2.25,4.12,1.05,2/1/2016
0.94,0.81,0.69,0.87,1.54,0.59,5.49,2.12,5.89,2.85,4.76,1.33,3/1/2016
1.14,0.81,1.05,0.85,1.41,0.65,5.60,1.44,6.22,1.81,5.04,1.07,4/1/2016
0.99,0.72,0.93,0.75,1.17,0.56,5.98,1.22,6.23,1.52,5.72,0.86,5/1/2016
0.90,0.91,0.74,1.09,1.43,0.68,4.45,1.60,5.01,2.13,3.88,1.07,6/1/2016
0.81,0.84,0.61,0.95,1.29,0.63,5.51,1.13,6.60,1.73,4.18,0.46,7/1/2016
1.18,0.73,1.07,0.79,1.35,0.52,5.86,1.94,6.35,2.67,5.39,1.25,8/1/2016
1.01,0.89,0.86,0.94,1.23,0.83,5.54,1.67,5.64,2.31,5.12,0.95,9/1/2016
0.96,0.72,0.88,0.72,1.11,0.68,5.35,1.53,6.14,2.45,4.50,0.48,10/1/2016
1.27,0.73,1.16,0.76,1.64,0.52,6.12,1.07,7.64,1.58,4.31,0.34,11/1/2016
1.07,0.81,0.87,0.89,1.66,0.56,5.94,1.67,6.93,1.70,4.86,1.48,12/1/2016
