time,eqall_ma,elall_ma,neall_ma,nuall_ma,eqmw_ma,elmw_ma,numw_ma,nemw_ma,eqwomw_ma,elwomw_ma,nuwomw_ma,newomw_ma
1/1/1978,1.1880,0.8811,4.5023,2.0694,2.5715,1.2129,1.4499,4.3243,0.5655,0.6710,3.6101,5.8099
2/1/1978,1.1941,0.8709,4.4873,2.0667,2.6070,1.2398,1.4549,4.3255,0.5799,0.6600,3.5811,5.7034
3/1/1978,1.2007,0.8687,4.5360,2.1152,2.6348,1.2587,1.5060,4.3654,0.5781,0.6581,3.5888,5.7510
4/1/1978,1.1938,0.8613,4.5542,2.1179,2.6026,1.2420,1.4942,4.3905,0.5862,0.6530,3.5902,5.7150
5/1/1978,1.2018,0.8584,4.5652,2.1393,2.6321,1.2367,1.5166,4.3997,0.5806,0.6559,3.6062,5.7551
6/1/1978,1.2105,0.8603,4.5381,2.1365,2.6428,1.2198,1.5130,4.3854,0.5814,0.6657,3.6374,5.7009
7/1/1978,1.2132,0.8591,4.5541,2.1242,2.6329,1.2124,1.5064,4.4033,0.5905,0.6695,3.6219,5.7086
8/1/1978,1.2129,0.8542,4.5811,2.1441,2.6579,1.2015,1.5242,4.4437,0.5814,0.6660,3.6484,5.6612
9/1/1978,1.2093,0.8420,4.5623,2.1447,2.6579,1.2038,1.5274,4.4453,0.5715,0.6502,3.6070,5.6288
10/1/1978,1.2217,0.8295,4.5625,2.1469,2.6929,1.1966,1.5224,4.4422,0.5724,0.6385,3.6267,5.6515
11/1/1978,1.2275,0.8322,4.5507,2.1687,2.7055,1.2252,1.5250,4.4386,0.5759,0.6309,3.6504,5.6460
12/1/1978,1.2432,0.8440,4.6106,2.1632,2.7154,1.2408,1.5213,4.4962,0.5935,0.6406,3.6349,5.6698
1/1/1979,1.2410,0.8348,4.5783,2.1590,2.7032,1.2170,1.5119,4.4904,0.5987,0.6407,3.6381,5.5904
2/1/1979,1.2430,0.8401,4.6244,2.1972,2.7070,1.2249,1.5541,4.5105,0.5936,0.6539,3.6846,5.6485
3/1/1979,1.2187,0.8550,4.6711,2.2079,2.6179,1.2383,1.5598,4.5429,0.5785,0.6658,3.7060,5.7394
4/1/1979,1.2242,0.8492,4.6590,2.1869,2.6414,1.1999,1.5388,4.5405,0.5722,0.6711,3.7086,5.7034
5/1/1979,1.2373,0.8674,4.6597,2.1857,2.6672,1.2140,1.5494,4.5363,0.5702,0.6936,3.7136,5.7420
6/1/1979,1.2219,0.8617,4.6760,2.1914,2.6034,1.2012,1.5498,4.5498,0.5726,0.6907,3.7168,5.7274
7/1/1979,1.2124,0.8661,4.6983,2.2102,2.5598,1.2176,1.5647,4.5686,0.5772,0.6927,3.7019,5.7324
8/1/1979,1.2145,0.8794,4.6956,2.2439,2.5713,1.2478,1.6079,4.5589,0.5678,0.6999,3.7091,5.7649
9/1/1979,1.2071,0.8985,4.7087,2.2367,2.5411,1.2664,1.6054,4.5675,0.5661,0.7187,3.7213,5.7886
10/1/1979,1.2015,0.9240,4.7247,2.2652,2.5042,1.3067,1.6356,4.5818,0.5750,0.7403,3.7546,5.7979
11/1/1979,1.2137,0.9741,4.7584,2.2838,2.5281,1.3509,1.6554,4.6300,0.5796,0.7977,3.7956,5.7582
12/1/1979,1.2011,1.0014,4.7525,2.2918,2.4866,1.3549,1.6902,4.6140,0.5770,0.8341,3.7423,5.7517
1/1/1980,1.1961,1.0120,4.7191,2.3023,2.5188,1.3332,1.6905,4.5888,0.5612,0.8648,3.7861,5.7039
2/1/1980,1.1830,1.0441,4.7457,2.3540,2.4822,1.3758,1.7390,4.6150,0.5581,0.8967,3.8199,5.7103
3/1/1980,1.1824,1.0426,4.7253,2.3521,2.4794,1.3543,1.7299,4.6211,0.5642,0.9083,3.8721,5.6372
4/1/1980,1.2022,1.0613,4.6894,2.3967,2.5020,1.3828,1.7545,4.5918,0.5857,0.9261,3.9267,5.5958
5/1/1980,1.1784,1.0739,4.6735,2.4196,2.4202,1.4074,1.7730,4.5864,0.5910,0.9338,3.9315,5.5366
6/1/1980,1.1770,1.0745,4.6726,2.4308,2.4442,1.3868,1.7771,4.5984,0.5788,0.9440,3.9440,5.4892
7/1/1980,1.1760,1.0971,4.6325,2.4484,2.4596,1.4134,1.7878,4.5745,0.5772,0.9623,3.9974,5.4168
8/1/1980,1.1541,1.0974,4.6133,2.4535,2.4118,1.4125,1.7942,4.5646,0.5674,0.9661,4.0256,5.4027
9/1/1980,1.1460,1.0918,4.6043,2.4833,2.3784,1.3877,1.7852,4.5606,0.5745,0.9692,4.1359,5.3680
10/1/1980,1.1424,1.1012,4.5959,2.5002,2.3549,1.4070,1.7900,4.5473,0.5764,0.9763,4.1743,5.3785
11/1/1980,1.1422,1.1054,4.5788,2.4803,2.3675,1.3838,1.7511,4.5252,0.5757,0.9859,4.1687,5.3584
12/1/1980,1.1270,1.0928,4.4985,2.4870,2.3353,1.3818,1.7431,4.4804,0.5659,0.9600,4.1702,5.2200
1/1/1981,1.1302,1.0963,4.5008,2.5182,2.3310,1.4049,1.7487,4.4933,0.5727,0.9527,4.2386,5.2043
2/1/1981,1.1205,1.0858,4.4720,2.5262,2.2883,1.4136,1.7637,4.4693,0.5775,0.9338,4.2196,5.1546
3/1/1981,1.1250,1.0735,4.4175,2.5317,2.3017,1.3890,1.7577,4.4311,0.5764,0.9288,4.2502,5.0799
4/1/1981,1.1003,1.0998,4.4368,2.5710,2.2447,1.4285,1.7933,4.4517,0.5658,0.9505,4.2821,5.0654
5/1/1981,1.0757,1.1073,4.4167,2.5723,2.2174,1.3950,1.8040,4.4413,0.5427,0.9699,4.2709,5.0099
6/1/1981,1.0778,1.1566,4.3719,2.5692,2.2272,1.4243,1.7801,4.4052,0.5359,1.0213,4.3398,4.9730
7/1/1981,1.0437,1.1720,4.3542,2.6171,2.1292,1.4655,1.8178,4.3786,0.5345,1.0243,4.3910,4.9829
8/1/1981,1.0362,1.1871,4.3371,2.6314,2.0813,1.4799,1.8380,4.3729,0.5430,1.0426,4.3695,4.9488
9/1/1981,1.0570,1.2199,4.3691,2.6685,2.1277,1.4987,1.8515,4.3897,0.5484,1.0809,4.4332,4.9921
10/1/1981,1.0363,1.2656,4.3456,2.6825,2.0986,1.5808,1.8443,4.3714,0.5270,1.1146,4.4570,4.9552
11/1/1981,1.0246,1.2724,4.3062,2.7426,2.0647,1.5675,1.8914,4.3433,0.5293,1.1270,4.5248,4.9275
12/1/1981,1.0263,1.2881,4.2842,2.7852,2.0785,1.5518,1.9377,4.3310,0.5270,1.1639,4.5815,4.8614
1/1/1982,1.0172,1.3206,4.3498,2.8472,2.0301,1.5756,1.9952,4.3531,0.5365,1.2018,4.6470,4.9968
2/1/1982,1.0041,1.3409,4.3312,2.8603,2.0286,1.5519,2.0089,4.3249,0.5216,1.2413,4.6568,4.9950
3/1/1982,0.9999,1.3951,4.3470,2.8901,2.0195,1.5599,2.0273,4.3361,0.5141,1.3092,4.7071,5.0201
4/1/1982,0.9919,1.4342,4.3353,2.9026,1.9915,1.6024,2.0406,4.3173,0.5110,1.3479,4.7535,5.0285
5/1/1982,0.9971,1.4530,4.2861,2.9165,1.9980,1.5916,2.0351,4.2699,0.5148,1.3728,4.8211,5.0054
6/1/1982,1.0083,1.4590,4.2751,2.9947,2.0280,1.5736,2.0744,4.2701,0.5150,1.3857,4.9638,4.9685
7/1/1982,0.9951,1.4400,4.2862,3.0564,1.9987,1.5506,2.1300,4.2867,0.5136,1.3735,5.0103,4.9543
8/1/1982,0.9986,1.4488,4.2463,3.0535,2.0036,1.5505,2.1083,4.2557,0.5153,1.3888,5.0364,4.9179
9/1/1982,0.9951,1.4634,4.2445,3.0653,2.0272,1.5481,2.0893,4.2486,0.4957,1.4048,5.1187,4.9443
10/1/1982,0.9842,1.4698,4.2082,3.0952,2.0282,1.5365,2.1170,4.2218,0.4866,1.4178,5.1567,4.9015
11/1/1982,0.9957,1.4476,4.2189,3.1144,2.0380,1.4884,2.1420,4.2416,0.5016,1.4054,5.2027,4.8793
12/1/1982,1.0113,1.4501,4.2490,3.1394,2.0659,1.4875,2.1581,4.2570,0.5128,1.4052,5.2153,4.9041
1/1/1983,0.9951,1.4329,4.2530,3.1548,2.0170,1.4651,2.1598,4.2570,0.5090,1.3851,5.2316,4.9272
2/1/1983,0.9991,1.4124,4.2277,3.1500,2.0111,1.4266,2.1295,4.2485,0.5149,1.3751,5.2699,4.8801
3/1/1983,1.0037,1.3962,4.2604,3.1755,2.0007,1.4154,2.1421,4.2813,0.5266,1.3626,5.3135,4.8868
4/1/1983,1.0033,1.3691,4.2539,3.1660,2.0053,1.4188,2.1307,4.2749,0.5254,1.3289,5.2910,4.9147
5/1/1983,1.0083,1.3307,4.3145,3.1565,2.0008,1.3697,2.1031,4.3280,0.5333,1.2955,5.2748,4.9514
6/1/1983,0.9961,1.3206,4.3450,3.1502,1.9650,1.3912,2.1067,4.3427,0.5302,1.2754,5.2366,4.9974
7/1/1983,1.0129,1.2975,4.3916,3.0645,2.0148,1.3781,2.0607,4.3574,0.5338,1.2507,5.1447,5.0651
8/1/1983,1.0288,1.2852,4.4246,3.0439,2.0526,1.3739,2.0266,4.3787,0.5412,1.2351,5.1276,5.0919
9/1/1983,1.0354,1.2819,4.4407,3.0532,2.0600,1.3747,2.0367,4.4080,0.5513,1.2286,5.1174,5.0480
10/1/1983,1.0356,1.2554,4.4535,3.0599,2.0333,1.3494,2.0657,4.4375,0.5704,1.2037,5.0502,4.9754
11/1/1983,1.0454,1.2267,4.5024,3.0274,2.0369,1.3263,2.0437,4.4810,0.5881,1.1704,4.9589,4.9651
12/1/1983,1.0661,1.2237,4.5467,3.0153,2.0893,1.2998,2.0186,4.5043,0.6007,1.1784,4.9080,4.9766
1/1/1984,1.0720,1.2097,4.5893,2.9900,2.1225,1.2766,1.9898,4.5471,0.6033,1.1733,4.8857,4.9459
2/1/1984,1.0927,1.2252,4.6193,2.9823,2.1484,1.3139,1.9809,4.5682,0.6248,1.1790,4.8694,4.9519
3/1/1984,1.0862,1.2204,4.6423,2.9645,2.1430,1.3465,1.9731,4.5819,0.6249,1.1641,4.8223,4.9729
4/1/1984,1.0864,1.2127,4.6323,2.9746,2.1426,1.3434,1.9714,4.5865,0.6254,1.1542,4.8552,4.9262
5/1/1984,1.0947,1.2033,4.6634,3.0102,2.1382,1.3647,1.9875,4.6093,0.6433,1.1361,4.9009,4.8899
6/1/1984,1.0986,1.1984,4.6874,3.0573,2.1421,1.3752,2.0208,4.6232,0.6521,1.1234,4.9342,4.8758
7/1/1984,1.1143,1.1801,4.7130,3.0534,2.1816,1.3467,2.0206,4.6503,0.6653,1.1080,4.8747,4.8597
8/1/1984,1.1114,1.2008,4.7468,3.0654,2.1554,1.3846,2.0123,4.6952,0.6814,1.1238,4.8472,4.8349
9/1/1984,1.1135,1.2011,4.7555,3.0865,2.1376,1.4058,2.0360,4.6996,0.6939,1.1188,4.8500,4.8611
10/1/1984,1.1256,1.1993,4.7855,3.0942,2.1605,1.4001,2.0550,4.7121,0.7019,1.1199,4.8382,4.8923
11/1/1984,1.1393,1.2045,4.8343,3.0797,2.2009,1.4039,2.0293,4.7282,0.7045,1.1285,4.8375,4.9816
12/1/1984,1.1419,1.2170,4.8089,3.1062,2.2123,1.4297,2.0525,4.7014,0.7057,1.1399,4.8792,4.9803
1/1/1985,1.1183,1.2101,4.8085,3.1081,2.1477,1.4111,2.0838,4.7039,0.6978,1.1319,4.8358,4.9767
2/1/1985,1.1011,1.2058,4.7929,3.0924,2.0627,1.3946,2.0814,4.6861,0.7015,1.1323,4.7898,4.9839
3/1/1985,1.0865,1.2001,4.8214,3.1145,2.0491,1.4202,2.1141,4.7193,0.6864,1.1173,4.7903,4.9913
4/1/1985,1.0952,1.1947,4.8384,3.1255,2.0698,1.3945,2.1272,4.7334,0.6889,1.1174,4.7872,4.9883
5/1/1985,1.0977,1.1915,4.8287,3.1062,2.0730,1.3961,2.1089,4.7330,0.6925,1.1127,4.7470,4.9581
6/1/1985,1.0846,1.1770,4.8416,3.0753,2.0439,1.3473,2.0985,4.7550,0.6835,1.1077,4.6649,4.9438
7/1/1985,1.0855,1.1747,4.8024,3.0326,2.0516,1.3266,2.0820,4.7229,0.6832,1.1119,4.5709,4.9253
8/1/1985,1.0902,1.1692,4.7557,3.0580,2.0617,1.3072,2.0728,4.6961,0.6845,1.1124,4.6441,4.8593
9/1/1985,1.0722,1.1545,4.7169,3.0894,2.0315,1.2776,2.1105,4.6848,0.6695,1.1035,4.6575,4.7979
10/1/1985,1.0666,1.1505,4.7223,3.0699,2.0148,1.2500,2.1076,4.7100,0.6677,1.1072,4.6140,4.7735
11/1/1985,1.0545,1.1646,4.7554,3.0649,1.9783,1.2586,2.1121,4.7264,0.6651,1.1242,4.5919,4.8279
12/1/1985,1.0365,1.1654,4.7372,3.0650,1.9236,1.2599,2.0984,4.7259,0.6601,1.1273,4.6126,4.7797
1/1/1986,1.0313,1.1488,4.7761,3.0444,1.8734,1.2362,2.0928,4.7566,0.6725,1.1091,4.5577,4.8242
2/1/1986,1.0420,1.1565,4.7774,3.0366,1.9042,1.2683,2.0741,4.7765,0.6764,1.1091,4.5611,4.7953
3/1/1986,1.0510,1.1617,4.7607,3.0298,1.9495,1.3100,2.0726,4.7888,0.6726,1.1041,4.5381,4.7345
4/1/1986,1.0588,1.1563,4.7414,3.0078,1.9525,1.2713,2.0502,4.7870,0.6817,1.1099,4.5070,4.6693
5/1/1986,1.0595,1.1475,4.7392,3.0241,1.9543,1.2693,2.0542,4.7927,0.6840,1.0982,4.5351,4.6790
6/1/1986,1.0486,1.1447,4.7861,2.9928,1.9336,1.2408,2.0356,4.8162,0.6750,1.1015,4.4704,4.7275
7/1/1986,1.0519,1.1493,4.7714,3.0097,1.9394,1.2653,2.0371,4.8201,0.6798,1.1003,4.5183,4.7039
8/1/1986,1.0313,1.1465,4.7900,2.9915,1.8843,1.2787,2.0316,4.8486,0.6730,1.0927,4.4888,4.7104
9/1/1986,1.0296,1.1447,4.8318,2.9541,1.8697,1.2785,2.0176,4.8771,0.6759,1.0918,4.4074,4.7549
10/1/1986,1.0407,1.1376,4.8564,2.9365,1.8706,1.2866,1.9930,4.8690,0.6908,1.0804,4.3969,4.8280
11/1/1986,1.0373,1.1174,4.8745,2.9320,1.8618,1.2717,1.9640,4.8760,0.6893,1.0582,4.4234,4.8442
12/1/1986,1.0430,1.0801,4.8719,2.9065,1.8807,1.2285,1.9269,4.8993,0.6900,1.0217,4.4096,4.7815
1/1/1987,1.0715,1.0670,4.8702,2.9042,1.9365,1.2112,1.9479,4.9011,0.7072,1.0063,4.3698,4.7909
2/1/1987,1.0657,1.0646,4.8453,2.8819,1.9638,1.2002,1.9083,4.8882,0.6852,1.0082,4.3659,4.7544
3/1/1987,1.0606,1.0436,4.8160,2.8658,1.9634,1.1425,1.8941,4.8648,0.6785,1.0024,4.3454,4.7573
4/1/1987,1.0610,1.0283,4.8654,2.8604,1.9692,1.0734,1.8841,4.8946,0.6775,1.0030,4.3425,4.8324
5/1/1987,1.0595,1.0057,4.8382,2.8366,1.9670,1.0514,1.8631,4.8813,0.6768,0.9796,4.3101,4.8141
6/1/1987,1.0658,1.0026,4.8756,2.7753,1.9639,1.0516,1.8395,4.9071,0.6849,0.9746,4.1804,4.8422
7/1/1987,1.0761,0.9904,4.8771,2.7850,1.9635,1.0572,1.8380,4.9084,0.7024,0.9570,4.2093,4.8555
8/1/1987,1.0723,0.9720,4.8888,2.7523,1.9532,1.0451,1.8280,4.8952,0.6989,0.9389,4.1354,4.9157
9/1/1987,1.0871,0.9508,4.9203,2.7301,1.9730,0.9921,1.7914,4.9312,0.7110,0.9283,4.1261,4.9261
10/1/1987,1.0873,0.9305,4.9717,2.7137,1.9985,0.9584,1.7823,4.9742,0.7007,0.9120,4.0954,4.9647
11/1/1987,1.0871,0.9303,4.9600,2.6817,2.0221,0.9299,1.7784,4.9921,0.6925,0.9214,4.0224,4.9332
12/1/1987,1.0957,0.9309,4.9487,2.6368,2.0424,0.9234,1.7737,4.9943,0.6954,0.9248,3.9175,4.9028
1/1/1988,1.0917,0.9130,4.9278,2.6397,2.0489,0.9051,1.7801,4.9999,0.6893,0.9075,3.9196,4.8756
2/1/1988,1.0762,0.8960,4.9532,2.6104,2.0321,0.8710,1.7603,5.0296,0.6751,0.8962,3.8721,4.8923
3/1/1988,1.0900,0.8932,4.9863,2.6115,2.0305,0.8636,1.7664,5.0832,0.6942,0.8951,3.8672,4.8684
4/1/1988,1.0814,0.8968,5.0184,2.6101,1.9903,0.8985,1.7869,5.1145,0.6959,0.8864,3.8260,4.8736
5/1/1988,1.0747,0.8888,5.0401,2.5812,1.9669,0.9009,1.7608,5.1432,0.6954,0.8767,3.7886,4.8701
6/1/1988,1.0709,0.8998,5.0719,2.5753,1.9639,0.9334,1.7444,5.1581,0.6901,0.8791,3.7810,4.9385
7/1/1988,1.0762,0.9017,5.0730,2.5828,1.9818,0.9079,1.7464,5.1771,0.6908,0.8906,3.7903,4.9128
8/1/1988,1.0918,0.9201,5.0909,2.5670,2.0198,0.9140,1.7540,5.2145,0.6932,0.9153,3.7377,4.8989
9/1/1988,1.1010,0.9364,5.1175,2.5524,2.0612,0.8795,1.7311,5.2454,0.6933,0.9423,3.7263,4.8808
10/1/1988,1.1218,0.9545,5.1110,2.5730,2.1103,0.8880,1.7517,5.2490,0.7038,0.9631,3.7437,4.8719
11/1/1988,1.1170,0.9786,5.0611,2.5897,2.0759,0.9213,1.7969,5.2304,0.7064,0.9859,3.7264,4.8167
12/1/1988,1.1276,0.9792,5.0863,2.6068,2.0648,0.9499,1.8039,5.2564,0.7215,0.9721,3.7542,4.8330
1/1/1989,1.1292,1.0024,5.0986,2.6389,2.0674,0.9830,1.8304,5.2545,0.7238,0.9883,3.7953,4.8807
2/1/1989,1.1477,1.0213,5.1297,2.6368,2.0795,1.0128,1.8460,5.2633,0.7414,1.0030,3.7552,4.9424
3/1/1989,1.1742,1.0485,5.1670,2.6611,2.1315,1.0559,1.8627,5.2927,0.7560,1.0268,3.7848,4.9665
4/1/1989,1.1733,1.0603,5.1808,2.6659,2.1485,1.0724,1.8756,5.2878,0.7492,1.0377,3.7673,5.0308
5/1/1989,1.1944,1.0762,5.2293,2.6580,2.1828,1.0788,1.8558,5.3190,0.7663,1.0585,3.7687,5.0759
6/1/1989,1.2047,1.0852,5.1769,2.6690,2.2024,1.0893,1.8778,5.2775,0.7753,1.0652,3.7571,5.0522
7/1/1989,1.2140,1.0967,5.1988,2.6722,2.2246,1.0779,1.8914,5.2919,0.7801,1.0851,3.7562,5.0784
8/1/1989,1.2161,1.1046,5.2244,2.6774,2.2538,1.0785,1.8848,5.2999,0.7727,1.0941,3.7821,5.1096
9/1/1989,1.2121,1.0957,5.2173,2.6811,2.2514,1.0804,1.9065,5.2929,0.7704,1.0806,3.7562,5.1220
10/1/1989,1.2262,1.1008,5.2188,2.7022,2.2577,1.1022,1.9149,5.3059,0.7834,1.0855,3.7919,5.1082
11/1/1989,1.2021,1.0887,5.2161,2.6979,2.1979,1.1065,1.9259,5.3166,0.7712,1.0699,3.7672,5.0787
12/1/1989,1.2038,1.0983,5.2383,2.6937,2.1912,1.1308,1.8825,5.3285,0.7779,1.0700,3.8108,5.0942
1/1/1990,1.1957,1.1086,5.2331,2.6788,2.1805,1.1265,1.8567,5.3251,0.7768,1.0885,3.8026,5.0946
2/1/1990,1.1990,1.1156,5.2362,2.6910,2.1788,1.1197,1.8556,5.3289,0.7790,1.1023,3.8242,5.0890
3/1/1990,1.1897,1.1273,5.2254,2.6948,2.1720,1.1393,1.8473,5.3208,0.7691,1.1135,3.8433,5.0635
4/1/1990,1.1722,1.1305,5.1618,2.6860,2.1354,1.1275,1.8350,5.2823,0.7578,1.1225,3.8309,4.9796
5/1/1990,1.1674,1.1551,5.1416,2.7117,2.1391,1.1625,1.8504,5.2762,0.7515,1.1430,3.8652,4.9332
6/1/1990,1.1479,1.1536,5.1082,2.7422,2.1206,1.1376,1.8845,5.2527,0.7304,1.1479,3.8862,4.9212
7/1/1990,1.1394,1.1861,5.0661,2.7727,2.1007,1.1775,1.8865,5.2315,0.7265,1.1780,3.9567,4.8524
8/1/1990,1.1348,1.2094,5.0498,2.8305,2.0657,1.1959,1.9370,5.2191,0.7347,1.2037,4.0164,4.8248
9/1/1990,1.1186,1.2433,5.0067,2.8466,2.0167,1.2638,1.9694,5.1808,0.7316,1.2282,4.0029,4.7799
10/1/1990,1.0959,1.2634,4.9593,2.8663,1.9663,1.2741,1.9528,5.1477,0.7202,1.2520,4.0664,4.7236
11/1/1990,1.0772,1.2878,4.9346,2.9099,1.9197,1.2918,1.9820,5.1054,0.7139,1.2775,4.1277,4.7303
12/1/1990,1.0606,1.3243,4.9274,2.9577,1.8929,1.3275,1.9911,5.0744,0.7025,1.3128,4.2196,4.7273
1/1/1991,1.0621,1.3196,4.8878,2.9432,1.8883,1.3190,1.9964,5.0291,0.7060,1.3130,4.1707,4.7047
2/1/1991,1.0617,1.3346,4.8408,2.9844,1.8927,1.3165,2.0364,4.9769,0.6998,1.3351,4.2159,4.6648
3/1/1991,1.0489,1.3357,4.8203,2.9996,1.8775,1.3171,2.0436,4.9486,0.6907,1.3379,4.2396,4.6440
4/1/1991,1.0491,1.3429,4.7894,3.0197,1.8605,1.2717,2.0678,4.9214,0.6965,1.3655,4.2467,4.6057
5/1/1991,1.0327,1.3665,4.7725,3.0699,1.8367,1.2857,2.1084,4.8678,0.6856,1.3941,4.3015,4.6640
6/1/1991,1.0195,1.3584,4.7276,3.0849,1.7788,1.2710,2.1152,4.8043,0.6885,1.3877,4.3146,4.6503
7/1/1991,1.0217,1.3699,4.6874,3.1189,1.7731,1.2929,2.1320,4.7749,0.6944,1.3961,4.3668,4.5918
8/1/1991,0.9994,1.3675,4.6594,3.1194,1.7222,1.3041,2.1556,4.7384,0.6791,1.3899,4.3258,4.5817
9/1/1991,0.9995,1.3478,4.6425,3.1065,1.7286,1.2661,2.1394,4.7282,0.6762,1.3742,4.3053,4.5605
10/1/1991,0.9870,1.3515,4.6115,3.1402,1.6975,1.2564,2.1520,4.6925,0.6709,1.3818,4.3693,4.5596
11/1/1991,0.9861,1.3558,4.6149,3.1946,1.7009,1.2812,2.1957,4.6772,0.6691,1.3784,4.4345,4.5661
12/1/1991,0.9766,1.3325,4.5899,3.2004,1.7007,1.2536,2.2201,4.6721,0.6546,1.3631,4.4203,4.5136
1/1/1992,0.9908,1.3224,4.5661,3.2427,1.7255,1.2249,2.2576,4.6501,0.6645,1.3638,4.4674,4.5146
2/1/1992,0.9876,1.3143,4.5683,3.3167,1.7321,1.1955,2.2878,4.6435,0.6586,1.3640,4.6082,4.5417
3/1/1992,0.9678,1.3079,4.5752,3.3228,1.6949,1.1960,2.2740,4.6458,0.6497,1.3559,4.6364,4.5475
4/1/1992,0.9571,1.3183,4.6005,3.3180,1.6731,1.1972,2.2597,4.6692,0.6443,1.3701,4.6361,4.5666
5/1/1992,0.9333,1.3278,4.6134,3.3200,1.6399,1.2483,2.2594,4.6788,0.6260,1.3643,4.6337,4.5897
6/1/1992,0.9356,1.3158,4.6238,3.3514,1.6260,1.2561,2.2838,4.7223,0.6343,1.3426,4.6672,4.5462
7/1/1992,0.9376,1.3062,4.6468,3.3689,1.6182,1.2617,2.2911,4.7476,0.6401,1.3279,4.6960,4.5474
8/1/1992,0.9350,1.2992,4.6730,3.3488,1.5982,1.2736,2.2624,4.7440,0.6461,1.3137,4.6790,4.6039
9/1/1992,0.9500,1.2894,4.7217,3.3548,1.6286,1.2350,2.2779,4.7679,0.6560,1.3137,4.6709,4.6659
10/1/1992,0.9592,1.2823,4.7169,3.3704,1.6453,1.2492,2.3031,4.7612,0.6624,1.3013,4.6737,4.6550
11/1/1992,0.9682,1.2425,4.7560,3.3584,1.6649,1.1871,2.2883,4.7914,0.6651,1.2708,4.6562,4.6970
12/1/1992,0.9867,1.2088,4.7832,3.3327,1.6959,1.1240,2.2770,4.7881,0.6772,1.2566,4.6038,4.7583
1/1/1993,1.0016,1.2168,4.7826,3.3156,1.6990,1.1325,2.2391,4.7737,0.6977,1.2614,4.6006,4.7854
2/1/1993,0.9849,1.2250,4.7854,3.2701,1.6720,1.1562,2.2106,4.7652,0.6855,1.2588,4.5317,4.8056
3/1/1993,0.9900,1.2405,4.7841,3.2438,1.6631,1.1696,2.1962,4.7738,0.6972,1.2751,4.4769,4.7896
4/1/1993,0.9966,1.2301,4.7718,3.2564,1.6563,1.1757,2.2214,4.7668,0.7064,1.2594,4.4623,4.7909
5/1/1993,1.0018,1.2142,4.7204,3.2484,1.6426,1.1802,2.2307,4.7320,0.7181,1.2380,4.4201,4.7391
6/1/1993,1.0070,1.2181,4.7195,3.2711,1.6366,1.1911,2.2331,4.7119,0.7280,1.2364,4.4645,4.7555
7/1/1993,1.0261,1.1992,4.8510,3.2423,1.6661,1.1862,2.1957,4.8553,0.7353,1.2139,4.4501,4.8445
8/1/1993,1.0268,1.1789,4.8676,3.2461,1.6914,1.1521,2.2059,4.8720,0.7265,1.1966,4.4422,4.8531
9/1/1993,1.0236,1.1564,4.8552,3.2815,1.6798,1.1315,2.2443,4.8650,0.7264,1.1742,4.4625,4.8510
10/1/1993,1.0253,1.1347,4.8696,3.3292,1.6780,1.1165,2.2410,4.8756,0.7296,1.1532,4.5490,4.8510
11/1/1993,1.0097,1.1126,4.8716,3.3305,1.6457,1.0856,2.2322,4.8673,0.7179,1.1342,4.5480,4.8654
12/1/1993,1.0106,1.1044,4.8563,3.3681,1.6297,1.0815,2.2634,4.8698,0.7266,1.1233,4.5859,4.8203
1/1/1994,0.9745,1.1140,4.8425,3.3819,1.5534,1.1130,2.2593,4.8759,0.7096,1.1133,4.6121,4.7855
2/1/1994,0.9592,1.0866,4.8483,3.4110,1.5111,1.1133,2.3000,4.8968,0.7023,1.0719,4.6249,4.7683
3/1/1994,0.9643,1.0579,4.8455,3.4218,1.5145,1.1069,2.3236,4.9015,0.7093,1.0373,4.5979,4.7489
4/1/1994,0.9528,1.0149,4.8192,3.4373,1.4863,1.0927,2.3536,4.8650,0.7044,0.9837,4.5763,4.7422
5/1/1994,0.9565,0.9863,4.8624,3.4270,1.4951,1.0625,2.3486,4.8945,0.7064,0.9558,4.5445,4.7770
6/1/1994,0.9643,0.9543,4.8718,3.4432,1.5240,1.0219,2.3479,4.8814,0.7075,0.9241,4.5632,4.8259
7/1/1994,0.9657,0.9301,4.9164,3.4367,1.5478,0.9749,2.3337,4.8965,0.6978,0.9115,4.5611,4.8837
8/1/1994,0.9464,0.9230,4.8122,3.4135,1.5032,0.9551,2.3260,4.7219,0.6979,0.9079,4.5136,4.8671
9/1/1994,0.9278,0.9225,4.7653,3.3770,1.4557,0.9744,2.2910,4.6912,0.6912,0.9033,4.4742,4.8408
10/1/1994,0.9203,0.9278,4.7348,3.3470,1.4580,0.9659,2.2625,4.6769,0.6798,0.9126,4.4358,4.8006
11/1/1994,0.9152,0.9187,4.7117,3.3317,1.4507,0.9633,2.2656,4.6538,0.6736,0.8996,4.4082,4.7974
12/1/1994,0.9008,0.9192,4.6979,3.3240,1.4185,0.9715,2.2520,4.6413,0.6699,0.9041,4.4076,4.7797
1/1/1995,0.8853,0.9065,4.6889,3.2974,1.3941,0.9714,2.2174,4.6084,0.6581,0.8918,4.3801,4.7959
2/1/1995,0.8988,0.8920,4.6885,3.2762,1.4074,0.9563,2.2085,4.5880,0.6676,0.8857,4.3499,4.8085
3/1/1995,0.8909,0.8954,4.6947,3.2522,1.4054,0.9455,2.1858,4.5697,0.6602,0.8992,4.3189,4.8289
4/1/1995,0.8952,0.8926,4.7441,3.2470,1.4141,0.9308,2.1663,4.5885,0.6627,0.9012,4.3383,4.9060
5/1/1995,0.8884,0.9109,4.7812,3.2248,1.3934,0.9430,2.1432,4.6264,0.6636,0.9235,4.3196,4.9077
6/1/1995,0.8647,0.9089,4.7150,3.2027,1.3402,0.9500,2.1200,4.5710,0.6499,0.9208,4.2960,4.8653
7/1/1995,0.8452,0.9268,4.7128,3.1993,1.3215,0.9614,2.1367,4.5749,0.6313,0.9434,4.2837,4.8351
8/1/1995,0.8520,0.9097,4.7145,3.2124,1.2960,0.9425,2.1477,4.5798,0.6529,0.9238,4.3009,4.8565
9/1/1995,0.8493,0.9085,4.6999,3.2279,1.2939,0.9297,2.1755,4.5636,0.6514,0.9277,4.2996,4.8654
10/1/1995,0.8561,0.9152,4.7241,3.2307,1.2937,0.9109,2.1987,4.5389,0.6625,0.9427,4.2807,4.9245
11/1/1995,0.8584,0.9207,4.7581,3.2352,1.2827,0.9290,2.2200,4.5511,0.6719,0.9427,4.2770,4.9646
12/1/1995,0.8453,0.9216,4.7785,3.1969,1.2507,0.9400,2.2034,4.5643,0.6733,0.9295,4.2159,4.9820
1/1/1996,0.8509,0.9309,4.8318,3.1994,1.2707,0.9273,2.1888,4.5901,0.6718,0.9428,4.2373,5.0475
2/1/1996,0.8525,0.9278,4.8518,3.1885,1.2832,0.9194,2.1934,4.6068,0.6675,0.9346,4.2200,5.0675
3/1/1996,0.8495,0.9226,4.8346,3.1763,1.2666,0.9166,2.2087,4.6036,0.6720,0.9237,4.1709,5.0561
4/1/1996,0.8463,0.9204,4.8531,3.1820,1.2708,0.9354,2.2151,4.6002,0.6669,0.9133,4.1765,5.1303
5/1/1996,0.8495,0.9214,4.8274,3.1678,1.2545,0.9450,2.2043,4.5697,0.6790,0.9102,4.1591,5.1194
6/1/1996,0.8477,0.9194,4.8067,3.1753,1.2850,0.9543,2.2049,4.5419,0.6616,0.9025,4.1718,5.1415
7/1/1996,0.8607,0.9291,4.8613,3.1794,1.3114,0.9556,2.2235,4.5909,0.6730,0.9142,4.1729,5.1642
8/1/1996,0.8674,0.9093,4.8802,3.1700,1.3181,0.9330,2.2178,4.5872,0.6817,0.8919,4.1592,5.2053
9/1/1996,0.8455,0.9203,4.8894,3.1650,1.2969,0.9488,2.2085,4.5994,0.6606,0.9022,4.1561,5.1835
10/1/1996,0.8437,0.9068,4.9306,3.1172,1.3037,0.9360,2.1503,4.6548,0.6538,0.8897,4.1160,5.2034
11/1/1996,0.8616,0.8871,4.9593,3.1065,1.3387,0.9140,2.1414,4.6984,0.6612,0.8691,4.1025,5.2162
12/1/1996,0.8573,0.8691,4.9669,3.0955,1.3409,0.8786,2.1268,4.7046,0.6500,0.8595,4.0914,5.2212
1/1/1997,0.8492,0.8706,4.9717,3.1185,1.3233,0.8777,2.1329,4.7005,0.6444,0.8722,4.1353,5.2375
2/1/1997,0.8439,0.8586,4.9794,3.1068,1.3105,0.8976,2.1478,4.6963,0.6412,0.8444,4.0907,5.2782
3/1/1997,0.8511,0.8489,4.9657,3.0809,1.2941,0.8796,2.1229,4.6897,0.6579,0.8392,4.0540,5.2939
4/1/1997,0.8607,0.8636,4.9994,3.0602,1.3089,0.9099,2.0672,4.7069,0.6631,0.8505,4.0748,5.3580
5/1/1997,0.8782,0.8560,5.0163,3.0083,1.3578,0.8898,2.0255,4.7465,0.6698,0.8460,4.0097,5.3435
6/1/1997,0.8803,0.8490,5.0857,2.9759,1.3891,0.8622,2.0046,4.8022,0.6608,0.8477,3.9626,5.3837
7/1/1997,0.8811,0.8386,5.1284,2.9401,1.3779,0.8594,1.9670,4.8370,0.6677,0.8371,3.9331,5.4152
8/1/1997,0.8891,0.8302,5.1412,2.9312,1.3908,0.8630,1.9310,4.8510,0.6727,0.8251,3.9488,5.4353
9/1/1997,0.8930,0.8465,5.1927,2.9188,1.3939,0.8993,1.9106,4.8902,0.6718,0.8371,3.9492,5.4954
10/1/1997,0.9262,0.8296,5.1871,2.8722,1.4072,0.9033,1.8779,4.8939,0.7071,0.8143,3.8881,5.4845
11/1/1997,0.9342,0.8210,5.1911,2.8538,1.4199,0.8935,1.8619,4.8793,0.7155,0.8025,3.8683,5.5110
12/1/1997,0.9259,0.8132,5.1687,2.8229,1.4039,0.8956,1.8145,4.8750,0.7126,0.7901,3.8517,5.4842
1/1/1998,0.9615,0.8118,5.1941,2.7825,1.4692,0.8909,1.7732,4.9015,0.7396,0.7916,3.8177,5.5188
2/1/1998,0.9679,0.8020,5.2523,2.7356,1.5019,0.8835,1.7494,4.9458,0.7337,0.7782,3.7489,5.5858
3/1/1998,0.9823,0.8000,5.2841,2.7048,1.5061,0.8789,1.7126,4.9842,0.7549,0.7791,3.7375,5.6174
4/1/1998,0.9818,0.8064,5.3393,2.6997,1.5311,0.9062,1.7364,5.0213,0.7460,0.7784,3.6996,5.6687
5/1/1998,0.9819,0.7925,5.3945,2.6962,1.5407,0.8695,1.7596,5.0444,0.7449,0.7703,3.6668,5.7494
6/1/1998,0.9937,0.7870,5.4543,2.6884,1.5396,0.8568,1.7548,5.0740,0.7579,0.7673,3.6545,5.7940
7/1/1998,0.9998,0.7871,5.4247,2.7045,1.5310,0.8642,1.7816,5.0522,0.7657,0.7655,3.6618,5.8008
8/1/1998,1.0107,0.7897,5.4221,2.6999,1.5562,0.8460,1.7974,5.0573,0.7680,0.7732,3.6402,5.7959
9/1/1998,1.0222,0.7833,5.4577,2.6790,1.5691,0.8153,1.7937,5.0633,0.7791,0.7730,3.6033,5.8529
10/1/1998,1.0211,0.7778,5.5043,2.6456,1.5464,0.8165,1.7837,5.0931,0.7891,0.7649,3.5398,5.8990
11/1/1998,1.0012,0.7850,5.5201,2.6215,1.5578,0.8004,1.7652,5.1047,0.7608,0.7785,3.5051,5.9305
12/1/1998,1.0063,0.7810,5.5337,2.6256,1.5348,0.8157,1.7642,5.1226,0.7752,0.7649,3.5204,5.9390
1/1/1999,1.0066,0.7967,5.5695,2.6336,1.5528,0.8269,1.7810,5.1459,0.7685,0.7848,3.5167,5.9755
2/1/1999,0.9830,0.7962,5.5612,2.6087,1.5014,0.8201,1.7488,5.1451,0.7544,0.7837,3.5061,5.9574
3/1/1999,1.0155,0.7989,5.5497,2.6109,1.5407,0.8412,1.7474,5.1218,0.7821,0.7839,3.5098,5.9853
4/1/1999,0.9899,0.7995,5.5234,2.5918,1.5285,0.8326,1.7581,5.1026,0.7468,0.7865,3.4533,5.9443
5/1/1999,0.9822,0.7987,5.4926,2.5898,1.4703,0.8587,1.7398,5.0686,0.7588,0.7781,3.4738,5.9303
6/1/1999,0.9750,0.7974,5.4510,2.5774,1.4742,0.8798,1.7255,5.0421,0.7463,0.7688,3.4572,5.8567
7/1/1999,0.9570,0.8058,5.4356,2.5892,1.4321,0.8832,1.7543,5.0154,0.7397,0.7799,3.4559,5.8646
8/1/1999,0.9551,0.7929,5.4398,2.5585,1.4482,0.8559,1.7131,5.0120,0.7284,0.7697,3.4398,5.8702
9/1/1999,0.9503,0.7922,5.4868,2.5570,1.4374,0.8578,1.7320,5.0187,0.7283,0.7691,3.4169,5.9480
10/1/1999,0.9356,0.7905,5.4803,2.5567,1.4223,0.8742,1.7419,5.0051,0.7144,0.7607,3.4016,5.9606
11/1/1999,0.9402,0.8056,5.4268,2.5495,1.4302,0.8823,1.7398,4.9698,0.7158,0.7778,3.3854,5.9061
12/1/1999,0.9520,0.7982,5.4421,2.5608,1.4305,0.8835,1.7581,4.9407,0.7333,0.7629,3.3950,5.9932
1/1/2000,0.9531,0.8067,5.4063,2.5555,1.4277,0.8982,1.7744,4.8955,0.7360,0.7694,3.3660,5.9807
2/1/2000,0.9481,0.7985,5.4014,2.5473,1.4079,0.8929,1.7820,4.8620,0.7363,0.7591,3.3447,6.0080
3/1/2000,0.9491,0.7966,5.4355,2.5516,1.4008,0.9086,1.8247,4.8531,0.7377,0.7508,3.2977,6.0954
4/1/2000,0.9418,0.7911,5.4471,2.5071,1.3883,0.8990,1.7749,4.8725,0.7358,0.7429,3.2507,6.0716
5/1/2000,0.9848,0.7899,5.4703,2.4902,1.4273,0.8754,1.7435,4.8842,0.7845,0.7472,3.2532,6.1077
6/1/2000,1.0087,0.7792,5.5192,2.4458,1.4976,0.8200,1.7128,4.9163,0.7925,0.7505,3.1944,6.1426
7/1/2000,1.0159,0.7787,5.6024,2.4452,1.4975,0.7912,1.7315,4.9893,0.8060,0.7608,3.1799,6.1985
8/1/2000,1.0317,0.7892,5.6359,2.4437,1.5237,0.7986,1.7217,5.0026,0.8208,0.7691,3.1853,6.2445
9/1/2000,1.0275,0.8053,5.6405,2.4410,1.4725,0.8367,1.7391,5.0293,0.8428,0.7790,3.1605,6.2311
10/1/2000,1.0302,0.8127,5.5961,2.4394,1.4753,0.8316,1.7112,4.9886,0.8453,0.7915,3.1758,6.2093
11/1/2000,1.0497,0.8220,5.6154,2.4217,1.5148,0.8368,1.6978,4.9963,0.8549,0.7983,3.1521,6.2470
12/1/2000,1.0457,0.8157,5.6534,2.4307,1.5235,0.8175,1.6868,5.0062,0.8463,0.7957,3.1866,6.3147
1/1/2001,1.0254,0.8195,5.6892,2.4233,1.5258,0.8223,1.6907,5.0575,0.8215,0.8026,3.1663,6.3005
2/1/2001,1.0239,0.8443,5.7541,2.4423,1.5703,0.8313,1.7034,5.1417,0.8017,0.8336,3.1910,6.3001
3/1/2001,1.0242,0.8616,5.8218,2.4606,1.5974,0.8564,1.6956,5.2030,0.7986,0.8478,3.2326,6.3718
4/1/2001,1.0161,0.8831,5.7855,2.5003,1.5888,0.8575,1.6912,5.2041,0.7950,0.8771,3.3168,6.2874
5/1/2001,1.0132,0.9149,5.7597,2.5549,1.6003,0.8664,1.7531,5.1832,0.7847,0.9189,3.3699,6.2625
6/1/2001,0.9850,0.9284,5.7518,2.6065,1.5533,0.9220,1.7893,5.1756,0.7632,0.9236,3.4276,6.2480
7/1/2001,0.9696,0.9557,5.6866,2.6466,1.5238,0.9486,1.8227,5.1494,0.7530,0.9514,3.4778,6.1708
8/1/2001,0.9750,0.9660,5.6362,2.6806,1.5197,0.9555,1.8313,5.1103,0.7603,0.9614,3.5360,6.1403
9/1/2001,0.9733,0.9610,5.5568,2.7038,1.5002,0.9875,1.8262,5.0688,0.7665,0.9466,3.5864,6.0362
10/1/2001,0.9680,0.9728,5.5407,2.7328,1.5341,1.0068,1.8289,5.0583,0.7441,0.9572,3.6339,6.0226
11/1/2001,0.9651,0.9822,5.5594,2.7590,1.5283,1.0230,1.8537,5.0955,0.7455,0.9633,3.6617,5.9988
12/1/2001,0.9424,0.9920,5.5786,2.7974,1.5168,0.9956,1.8868,5.1073,0.7196,0.9982,3.7115,5.9851
1/1/2002,0.9452,0.9929,5.5348,2.8263,1.4929,0.9893,1.8951,5.0711,0.7318,1.0042,3.7617,5.9394
2/1/2002,0.9647,1.0066,5.4600,2.8582,1.5000,0.9871,1.9140,5.0066,0.7493,1.0239,3.8091,5.8674
3/1/2002,0.9398,0.9961,5.3822,2.8679,1.4354,0.9937,1.9145,4.9200,0.7400,1.0118,3.8251,5.8324
4/1/2002,0.9397,0.9933,5.3475,2.8554,1.4199,0.9824,1.8982,4.8694,0.7421,1.0149,3.8205,5.8279
5/1/2002,0.9425,0.9974,5.3613,2.8731,1.4356,1.0020,1.9339,4.8627,0.7410,1.0147,3.8216,5.8487
6/1/2002,0.9270,0.9811,5.3641,2.9012,1.4071,0.9963,1.9567,4.8694,0.7331,0.9935,3.8512,5.8405
7/1/2002,0.9382,0.9821,5.3415,2.9119,1.4354,0.9696,1.9521,4.8552,0.7328,1.0004,3.8784,5.8248
8/1/2002,0.9267,0.9712,5.3321,2.9295,1.4326,0.9491,1.9542,4.8404,0.7138,0.9922,3.9098,5.8081
9/1/2002,0.9161,0.9698,5.3130,2.9453,1.4211,0.9412,1.9651,4.8447,0.7042,0.9935,3.9356,5.7715
10/1/2002,0.8992,0.9851,5.3391,2.9711,1.4276,0.9026,2.0126,4.8540,0.6786,1.0215,3.9282,5.8168
11/1/2002,0.8944,0.9838,5.3125,2.9847,1.4027,0.8741,2.0083,4.8177,0.6778,1.0301,3.9520,5.7827
12/1/2002,0.8922,0.9758,5.3339,3.0064,1.4112,0.8500,2.0143,4.8427,0.6670,1.0333,3.9948,5.7862
1/1/2003,0.8832,0.9718,5.2719,2.9955,1.3712,0.8661,2.0006,4.8085,0.6692,1.0147,3.9774,5.7289
2/1/2003,0.8808,0.9740,5.2983,2.9906,1.3525,0.8858,2.0096,4.8474,0.6695,1.0097,3.9523,5.7296
3/1/2003,0.8530,0.9634,5.2881,2.9810,1.3140,0.8900,2.0041,4.8582,0.6466,0.9955,3.9302,5.6927
4/1/2003,0.8703,0.9703,5.3231,3.0161,1.3207,0.8880,2.0291,4.8968,0.6664,1.0073,3.9709,5.7067
5/1/2003,0.8658,0.9709,5.3191,3.0507,1.3227,0.8702,2.0605,4.9186,0.6566,1.0112,4.0126,5.6350
6/1/2003,0.8665,0.9676,5.2773,3.0451,1.2929,0.8701,2.0598,4.9033,0.6697,1.0063,3.9965,5.5897
7/1/2003,0.8782,0.9566,5.2629,3.0245,1.3144,0.8480,2.0316,4.8726,0.6756,0.9987,3.9843,5.6096
8/1/2003,0.8608,0.9555,5.2121,3.0089,1.3163,0.8399,2.0493,4.8671,0.6556,0.9994,3.9369,5.5225
9/1/2003,0.8748,0.9517,5.2345,3.0231,1.3345,0.8334,2.0473,4.8819,0.6701,0.9966,3.9600,5.5596
10/1/2003,0.8764,0.9490,5.2136,2.9963,1.3421,0.8399,2.0390,4.8546,0.6652,0.9926,3.9055,5.5424
11/1/2003,0.8948,0.9390,5.1904,2.9709,1.3546,0.8440,2.0037,4.8580,0.6816,0.9829,3.8934,5.4985
12/1/2003,0.8953,0.9328,5.1751,2.9846,1.3439,0.8411,2.0438,4.8271,0.6905,0.9741,3.8859,5.5111
1/1/2004,0.9134,0.9304,5.1529,2.9417,1.3468,0.8518,2.0323,4.7909,0.7158,0.9602,3.8056,5.5154
2/1/2004,0.9351,0.9368,5.1641,2.9445,1.3658,0.8682,2.0285,4.7968,0.7375,0.9623,3.8169,5.5194
3/1/2004,0.9483,0.9198,5.1332,2.9597,1.4037,0.8264,2.0282,4.7744,0.7424,0.9534,3.8485,5.4837
4/1/2004,0.9719,0.9197,5.1531,2.9658,1.4298,0.8243,2.0215,4.7718,0.7678,0.9523,3.8698,5.5155
5/1/2004,0.9682,0.9060,5.1511,2.9536,1.4366,0.8014,2.0136,4.7550,0.7603,0.9391,3.8557,5.5306
6/1/2004,0.9760,0.9040,5.1211,2.9363,1.4335,0.8204,1.9928,4.7221,0.7730,0.9328,3.8361,5.5218
7/1/2004,0.9860,0.8844,5.1479,2.8958,1.4680,0.7923,1.9439,4.7383,0.7719,0.9155,3.8056,5.5431
8/1/2004,0.9818,0.8862,5.1442,2.8944,1.4141,0.8050,1.9332,4.7516,0.7888,0.9151,3.8097,5.5046
9/1/2004,0.9930,0.8705,5.1574,2.8816,1.4068,0.7919,1.9080,4.7291,0.8099,0.9001,3.8061,5.5305
10/1/2004,0.9964,0.8694,5.1817,2.8675,1.4090,0.7956,1.9164,4.7301,0.8146,0.8962,3.7694,5.5790
11/1/2004,1.0014,0.8632,5.2089,2.8445,1.3804,0.8230,1.8849,4.7485,0.8362,0.8761,3.7515,5.6013
12/1/2004,0.9951,0.8557,5.2062,2.8146,1.3737,0.8374,1.8891,4.7249,0.8316,0.8471,3.6886,5.6368
1/1/2005,1.0093,0.8591,5.2384,2.7903,1.4091,0.8380,1.8663,4.7621,0.8344,0.8507,3.6521,5.6464
2/1/2005,0.9891,0.8467,5.2141,2.7970,1.3781,0.8285,1.8918,4.7542,0.8176,0.8384,3.6341,5.6155
3/1/2005,0.9760,0.8374,5.2204,2.8123,1.3931,0.7882,1.9206,4.7652,0.7996,0.8359,3.6305,5.6145
4/1/2005,0.9705,0.8362,5.2240,2.7880,1.3945,0.8039,1.9345,4.7889,0.7930,0.8280,3.5651,5.5884
5/1/2005,0.9772,0.8239,5.2112,2.7942,1.4271,0.7852,1.9484,4.7827,0.7914,0.8167,3.5643,5.5884
6/1/2005,0.9926,0.8197,5.2260,2.7740,1.4624,0.7730,1.9319,4.8215,0.8035,0.8157,3.5404,5.5629
7/1/2005,0.9901,0.8073,5.2622,2.7633,1.4160,0.7722,1.9530,4.8557,0.8205,0.7981,3.4921,5.5932
8/1/2005,0.9872,0.8052,5.3018,2.7856,1.4260,0.7903,1.9605,4.8582,0.8132,0.7892,3.5240,5.6650
9/1/2005,0.9924,0.8057,5.3189,2.7547,1.4794,0.7658,1.9435,4.8762,0.8005,0.7968,3.4827,5.6966
10/1/2005,1.0006,0.8131,5.3939,2.7460,1.4839,0.7686,1.9413,4.9382,0.8080,0.8052,3.4659,5.7749
11/1/2005,0.9883,0.8183,5.4031,2.7353,1.4761,0.7711,1.9293,4.9585,0.7957,0.8105,3.4455,5.7502
12/1/2005,0.9818,0.8179,5.4209,2.7440,1.4968,0.7611,1.9336,4.9938,0.7766,0.8061,3.4561,5.7556
1/1/2006,0.9844,0.8182,5.4774,2.7698,1.4914,0.7326,1.9413,5.0669,0.7799,0.8326,3.4950,5.7668
2/1/2006,0.9868,0.7975,5.4934,2.7591,1.4877,0.7089,1.9307,5.0872,0.7801,0.8140,3.4951,5.7977
3/1/2006,1.0007,0.8012,5.5315,2.7311,1.5189,0.7201,1.8878,5.1184,0.7893,0.8144,3.4841,5.8367
4/1/2006,1.0301,0.7793,5.5684,2.6893,1.5390,0.7270,1.8454,5.1327,0.8219,0.7875,3.4444,5.8922
5/1/2006,1.0358,0.7632,5.5898,2.6804,1.5418,0.7039,1.8207,5.1352,0.8323,0.7737,3.4541,5.9463
6/1/2006,1.0245,0.7836,5.6251,2.6438,1.5068,0.7436,1.7871,5.1819,0.8328,0.7916,3.4051,5.9534
7/1/2006,1.0080,0.7967,5.6331,2.6262,1.4924,0.7630,1.7742,5.1642,0.8164,0.8008,3.3801,6.0020
8/1/2006,1.0333,0.8076,5.6532,2.6163,1.5718,0.7328,1.7368,5.1781,0.8159,0.8264,3.3951,6.0158
9/1/2006,1.0309,0.8052,5.6176,2.5891,1.5517,0.7048,1.7236,5.1813,0.8191,0.8330,3.3568,5.9646
10/1/2006,1.0284,0.8053,5.5899,2.5797,1.5460,0.7208,1.7196,5.1575,0.8163,0.8273,3.3389,5.9241
11/1/2006,1.0092,0.7882,5.5588,2.5652,1.5453,0.7083,1.6948,5.1237,0.7937,0.8089,3.3324,5.9045
12/1/2006,1.0179,0.7874,5.5311,2.5384,1.5389,0.7289,1.6941,5.1164,0.8070,0.8000,3.2931,5.8636
1/1/2007,1.0221,0.7817,5.4798,2.5233,1.5640,0.6993,1.6826,5.0634,0.8045,0.8135,3.2780,5.8260
2/1/2007,1.0300,0.7606,5.4222,2.4855,1.6299,0.7014,1.6738,5.0003,0.7968,0.7819,3.2142,5.8007
3/1/2007,1.0271,0.7617,5.3907,2.4653,1.6184,0.7029,1.6528,4.9791,0.8039,0.7807,3.1927,5.7393
4/1/2007,1.0291,0.7611,5.3715,2.4624,1.6369,0.6978,1.6450,4.9646,0.8013,0.7820,3.1958,5.6979
5/1/2007,1.0024,0.7672,5.3199,2.4754,1.6159,0.6860,1.6658,4.9417,0.7670,0.7923,3.2036,5.6220
6/1/2007,1.0109,0.7793,5.2948,2.4792,1.6270,0.7068,1.6695,4.9045,0.7750,0.8052,3.2025,5.6069
7/1/2007,1.0206,0.7634,5.2335,2.4630,1.6520,0.6557,1.6691,4.8540,0.7715,0.7988,3.1740,5.5545
8/1/2007,1.0260,0.7476,5.1974,2.4511,1.6285,0.6393,1.6890,4.8357,0.7818,0.7857,3.1340,5.5075
9/1/2007,1.0076,0.7469,5.1495,2.4765,1.5815,0.6901,1.7002,4.7901,0.7766,0.7688,3.1671,5.4686
10/1/2007,1.0026,0.7453,5.1117,2.4840,1.5650,0.6816,1.7078,4.7721,0.7783,0.7690,3.1666,5.4027
11/1/2007,1.0133,0.7637,5.1002,2.5168,1.5407,0.7008,1.7251,4.7893,0.8021,0.7871,3.2100,5.3659
12/1/2007,1.0310,0.7805,5.0568,2.5415,1.5473,0.7135,1.7692,4.7634,0.8214,0.8107,3.2114,5.3114
1/1/2008,1.0227,0.7850,5.0427,2.5915,1.5335,0.6962,1.7802,4.7289,0.8136,0.8293,3.2930,5.3289
2/1/2008,1.0323,0.8046,5.0350,2.6418,1.5268,0.7339,1.8304,4.7346,0.8285,0.8425,3.3396,5.3024
3/1/2008,1.0130,0.8359,5.0414,2.6933,1.4680,0.7433,1.8550,4.7327,0.8208,0.8806,3.4161,5.3033
4/1/2008,0.9985,0.8721,5.0265,2.7671,1.4657,0.7719,1.9160,4.7262,0.8051,0.9209,3.4913,5.2802
5/1/2008,0.9687,0.9149,4.9930,2.8226,1.4139,0.8090,1.9837,4.6939,0.7774,0.9658,3.5368,5.2521
6/1/2008,0.9648,0.9689,4.9701,2.8928,1.3980,0.8421,2.0418,4.6741,0.7830,1.0304,3.6192,5.2389
7/1/2008,0.9265,1.0194,4.9276,3.0033,1.3586,0.8666,2.1201,4.6702,0.7425,1.0869,3.7509,5.1430
8/1/2008,0.8905,1.0846,4.9193,3.1058,1.2763,0.9726,2.1826,4.6548,0.7271,1.1405,3.8759,5.1251
9/1/2008,0.8896,1.1417,4.8776,3.2190,1.3014,1.0165,2.2421,4.6131,0.7165,1.2009,4.0349,5.0903
10/1/2008,0.8786,1.1669,4.8566,3.3072,1.2892,0.9812,2.3145,4.6333,0.7066,1.2452,4.1386,5.0226
11/1/2008,0.8717,1.2173,4.8135,3.4309,1.2936,1.0320,2.3887,4.5699,0.6967,1.2956,4.2994,5.0073
12/1/2008,0.8448,1.2335,4.7809,3.5401,1.2778,1.0215,2.4397,4.5124,0.6645,1.3330,4.4433,4.9932
1/1/2009,0.8201,1.2665,4.7682,3.6339,1.2285,1.0545,2.4719,4.5032,0.6479,1.3650,4.5840,4.9748
2/1/2009,0.8279,1.2914,4.7332,3.7218,1.2352,1.0622,2.5207,4.4925,0.6512,1.3909,4.7073,4.9048
3/1/2009,0.8021,1.3277,4.7099,3.7813,1.2060,1.0942,2.5348,4.4484,0.6279,1.4283,4.8037,4.8994
4/1/2009,0.7979,1.3613,4.6506,3.8902,1.1608,1.1062,2.5923,4.4114,0.6375,1.4703,4.9427,4.8234
5/1/2009,0.7954,1.3614,4.6124,3.9617,1.1252,1.0913,2.6174,4.3793,0.6443,1.4732,5.0619,4.7843
6/1/2009,0.8080,1.3636,4.5897,4.0423,1.1051,1.0764,2.6182,4.3576,0.6714,1.4848,5.2010,4.7702
7/1/2009,0.7931,1.3458,4.5971,4.1152,1.0453,1.0904,2.6484,4.3582,0.6729,1.4548,5.2993,4.7582
8/1/2009,0.8027,1.3334,4.5771,4.1140,1.0239,1.1060,2.6633,4.3277,0.6942,1.4350,5.2793,4.7647
9/1/2009,0.8236,1.3118,4.5915,4.1974,1.0548,1.0767,2.6994,4.3265,0.7114,1.4149,5.4002,4.7938
10/1/2009,0.8041,1.2886,4.5776,4.2643,1.0077,1.0539,2.7307,4.3109,0.7051,1.3921,5.4769,4.7591
11/1/2009,0.8118,1.2707,4.5141,4.2677,1.0194,1.0583,2.7615,4.2497,0.7101,1.3666,5.4444,4.7303
12/1/2009,0.7970,1.2432,4.5280,4.2704,0.9834,1.0288,2.7860,4.2919,0.7044,1.3461,5.4198,4.7054
1/1/2010,0.8038,1.2371,4.5338,4.2856,1.0036,1.0229,2.8078,4.2978,0.7065,1.3370,5.4255,4.7051
2/1/2010,0.8102,1.2385,4.5417,4.3165,1.0356,1.0207,2.8437,4.2888,0.7045,1.3365,5.4563,4.7184
3/1/2010,0.8043,1.2377,4.5348,4.3059,1.0154,1.0421,2.8524,4.2740,0.7085,1.3304,5.4142,4.7133
4/1/2010,0.8223,1.2092,4.5127,4.3077,1.0293,1.0045,2.8904,4.2527,0.7253,1.3034,5.3768,4.7065
5/1/2010,0.8080,1.1925,4.5237,4.3145,1.0309,1.0201,2.9103,4.2782,0.7035,1.2731,5.3840,4.6915
6/1/2010,0.8110,1.1947,4.5510,4.3002,1.0505,1.0377,2.9283,4.2869,0.7030,1.2738,5.3316,4.7331
7/1/2010,0.8121,1.1785,4.5423,4.2953,1.0625,1.0316,2.9372,4.2787,0.7056,1.2506,5.3124,4.7227
8/1/2010,0.8288,1.1645,4.5269,4.2755,1.1150,1.0000,2.8939,4.2490,0.7037,1.2413,5.3009,4.7387
9/1/2010,0.8371,1.1556,4.5431,4.3007,1.1400,0.9705,2.9226,4.2630,0.7051,1.2392,5.3253,4.7541
10/1/2010,0.8404,1.1207,4.5483,4.2592,1.1699,0.9061,2.9083,4.2755,0.6995,1.2120,5.2503,4.7402
11/1/2010,0.8500,1.1298,4.5792,4.2388,1.1870,0.9384,2.9186,4.2721,0.7065,1.2078,5.2059,4.8025
12/1/2010,0.8524,1.1377,4.5921,4.2782,1.1664,0.9452,2.9249,4.2766,0.7196,1.2214,5.2646,4.8008
1/1/2011,0.8793,1.1346,4.6036,4.2805,1.2024,0.9654,2.9135,4.2534,0.7382,1.2069,5.2787,4.8305
2/1/2011,0.8563,1.1124,4.5890,4.2503,1.1780,0.9724,2.8924,4.2336,0.7160,1.1679,5.2539,4.8184
3/1/2011,0.8818,1.0945,4.5807,4.2426,1.1920,0.9544,2.8919,4.2406,0.7432,1.1482,5.2358,4.7810
4/1/2011,0.8773,1.0945,4.5595,4.2231,1.1938,0.9505,2.8910,4.2341,0.7396,1.1487,5.2102,4.7567
5/1/2011,0.8829,1.0924,4.5869,4.2165,1.1794,0.9524,2.8616,4.2344,0.7566,1.1441,5.2241,4.8032
6/1/2011,0.9028,1.0810,4.5821,4.1851,1.1706,0.9482,2.8276,4.2126,0.7923,1.1358,5.1894,4.8188
7/1/2011,0.9119,1.0567,4.5526,4.1905,1.1991,0.9438,2.8043,4.1909,0.7883,1.1005,5.2168,4.7964
8/1/2011,0.9024,1.0377,4.5247,4.1964,1.2037,0.9329,2.8417,4.1700,0.7696,1.0799,5.2001,4.7777
9/1/2011,0.9015,1.0396,4.4879,4.1639,1.1634,0.9684,2.8417,4.1417,0.7860,1.0761,5.1516,4.7371
10/1/2011,0.8962,1.0411,4.4652,4.1225,1.1600,0.9856,2.7868,4.1061,0.7809,1.0695,5.1123,4.7340
11/1/2011,0.8773,1.0601,4.4445,4.1357,1.1225,1.0068,2.7847,4.0991,0.7680,1.0873,5.1444,4.7052
12/1/2011,0.8904,1.0397,4.4112,4.0968,1.1434,0.9665,2.7491,4.0878,0.7786,1.0851,5.0995,4.6507
1/1/2012,0.8819,1.0223,4.4392,4.0533,1.1288,0.9541,2.7449,4.0993,0.7736,1.0628,5.0301,4.6809
2/1/2012,0.8739,1.0295,4.4322,4.0038,1.1032,0.9627,2.7162,4.1030,0.7705,1.0680,4.9680,4.6663
3/1/2012,0.8957,1.0360,4.4579,4.0022,1.0968,0.9478,2.7322,4.0953,0.8032,1.0808,4.9482,4.7248
4/1/2012,0.8754,1.0202,4.4682,3.9803,1.0828,0.9436,2.7066,4.0613,0.7838,1.0624,4.9266,4.7871
5/1/2012,0.8712,1.0143,4.4493,4.0010,1.1084,0.9314,2.7119,4.0369,0.7712,1.0550,4.9578,4.7889
6/1/2012,0.8495,1.0139,4.4606,3.9877,1.1119,0.9323,2.7097,4.0531,0.7412,1.0558,4.9402,4.7890
7/1/2012,0.8394,1.0136,4.4270,3.9602,1.1161,0.8998,2.6785,4.0303,0.7226,1.0603,4.9129,4.7584
8/1/2012,0.8440,1.0172,4.4483,3.9189,1.1333,0.8701,2.6718,4.0458,0.7284,1.0729,4.8447,4.7592
9/1/2012,0.8629,1.0137,4.4959,3.8432,1.1630,0.8589,2.6168,4.0776,0.7423,1.0725,4.7545,4.7883
10/1/2012,0.8690,1.0280,4.5123,3.8041,1.2003,0.8592,2.5728,4.0753,0.7393,1.0860,4.7103,4.8308
11/1/2012,0.8645,1.0175,4.5515,3.7792,1.2015,0.8465,2.5360,4.0875,0.7329,1.0748,4.7053,4.8747
12/1/2012,0.9010,0.9947,4.5487,3.7005,1.2433,0.8375,2.5057,4.0614,0.7720,1.0489,4.5900,4.8965
1/1/2013,0.8762,0.9846,4.5609,3.6672,1.2143,0.8406,2.4621,4.0769,0.7453,1.0281,4.5727,4.9049
2/1/2013,0.8742,1.0067,4.5521,3.6192,1.2120,0.8479,2.3773,4.0656,0.7367,1.0502,4.5585,4.9065
3/1/2013,0.8968,0.9850,4.5618,3.6052,1.2691,0.8093,2.3613,4.0662,0.7510,1.0287,4.5470,4.9175
4/1/2013,0.9114,1.0003,4.5583,3.5452,1.3029,0.8273,2.3314,4.1091,0.7587,1.0413,4.4626,4.8703
5/1/2013,0.9136,0.9947,4.5290,3.5016,1.3033,0.8142,2.2944,4.1079,0.7618,1.0347,4.4168,4.8226
6/1/2013,0.9209,0.9781,4.5711,3.4661,1.2772,0.8112,2.2903,4.1388,0.7810,1.0155,4.3537,4.8672
7/1/2013,0.9383,0.9657,4.5752,3.4273,1.2826,0.7840,2.2397,4.1394,0.7992,1.0059,4.3118,4.8754
8/1/2013,0.9331,0.9470,4.5921,3.4020,1.2677,0.8101,2.2342,4.1625,0.7975,0.9765,4.2643,4.8664
9/1/2013,0.9294,0.9506,4.5954,3.3842,1.2586,0.8330,2.2489,4.1509,0.7968,0.9787,4.2211,4.8934
10/1/2013,0.9192,0.9594,4.5781,3.3753,1.2384,0.8292,2.2276,4.1517,0.7957,0.9889,4.2162,4.8807
11/1/2013,0.9174,0.9425,4.6195,3.3715,1.2466,0.7896,2.2515,4.1802,0.7914,0.9731,4.1994,4.9058
12/1/2013,0.9411,0.9209,4.6300,3.3192,1.2503,0.7819,2.2183,4.2138,0.8218,0.9470,4.1229,4.8966
1/1/2014,0.9207,0.9263,4.5975,3.2996,1.2394,0.8015,2.2078,4.2099,0.7895,0.9383,4.0991,4.8590
2/1/2014,0.9333,0.9334,4.6069,3.2568,1.2323,0.8088,2.1970,4.2126,0.8124,0.9473,4.0323,4.8867
3/1/2014,0.9524,0.9141,4.5862,3.2135,1.2471,0.8530,2.1876,4.2077,0.8314,0.9133,3.9634,4.8561
4/1/2014,0.9180,0.9266,4.5730,3.1601,1.2004,0.8800,2.1554,4.1865,0.8030,0.9244,3.8920,4.8589
5/1/2014,0.9222,0.9187,4.5810,3.1468,1.2016,0.9026,2.1242,4.1945,0.8121,0.9027,3.8952,4.8762
6/1/2014,0.9408,0.9136,4.6078,3.1076,1.2244,0.9085,2.0922,4.2200,0.8280,0.8975,3.8511,4.9115
7/1/2014,0.9615,0.8999,4.6267,3.0663,1.2672,0.8843,2.0310,4.2329,0.8337,0.8898,3.8193,4.9259
8/1/2014,0.9641,0.9015,4.6225,3.0305,1.2951,0.8863,2.0027,4.2410,0.8307,0.8929,3.7855,4.9089
9/1/2014,1.0016,0.9106,4.7147,2.9826,1.3724,0.8592,1.9456,4.2854,0.8517,0.9137,3.7471,5.0442
10/1/2014,1.0042,0.9009,4.7812,2.9525,1.3544,0.8583,1.8954,4.3103,0.8571,0.8991,3.7308,5.1304
11/1/2014,1.0189,0.8899,4.8147,2.9422,1.3736,0.8605,1.8856,4.3471,0.8674,0.8791,3.7171,5.1511
12/1/2014,1.0325,0.8903,4.8238,2.8938,1.3796,0.8851,1.8291,4.3734,0.8824,0.8795,3.6651,5.1421
1/1/2015,1.0513,0.9031,4.8526,2.9005,1.4284,0.9062,1.8675,4.3879,0.8884,0.8838,3.6461,5.1932
2/1/2015,1.0675,0.9080,4.9347,2.8724,1.4725,0.8965,1.8285,4.4415,0.8956,0.9050,3.6355,5.2848
3/1/2015,1.0932,0.8922,4.9644,2.8407,1.5285,0.8694,1.7855,4.4749,0.9087,0.8899,3.6116,5.3066
4/1/2015,1.0921,0.8909,5.0150,2.8162,1.5587,0.8099,1.7815,4.5231,0.9022,0.9016,3.5709,5.3526
5/1/2015,1.1064,0.8759,5.0808,2.7996,1.5981,0.7807,1.7678,4.5696,0.9004,0.8903,3.5531,5.4270
6/1/2015,1.1285,0.8569,5.0982,2.7612,1.6434,0.7267,1.7435,4.5750,0.9117,0.8898,3.5016,5.4546
7/1/2015,1.1259,0.8672,5.1548,2.7485,1.6483,0.7380,1.7500,4.6111,0.9025,0.9002,3.4706,5.5097
8/1/2015,1.1275,0.8725,5.1766,2.7100,1.6438,0.7692,1.7090,4.6258,0.9079,0.8959,3.4385,5.5482
9/1/2015,1.1249,0.8711,5.2048,2.7057,1.6406,0.7568,1.7362,4.6294,0.9025,0.8980,3.4069,5.5785
10/1/2015,1.1239,0.8635,5.1649,2.6955,1.6123,0.7670,1.7664,4.6197,0.9161,0.8824,3.3701,5.5319
11/1/2015,1.1297,0.8541,5.1109,2.6581,1.6081,0.7525,1.7400,4.6021,0.9266,0.8725,3.3189,5.4647
12/1/2015,1.1217,0.8674,5.1259,2.6221,1.6126,0.7548,1.7041,4.5839,0.9135,0.9064,3.2806,5.5123
1/1/2016,1.1014,0.8589,5.0825,2.5977,1.6104,0.7393,1.6953,4.5657,0.8857,0.9010,3.2470,5.4693
2/1/2016,1.0900,0.8512,5.0549,2.5735,1.5617,0.7023,1.6447,4.5566,0.8873,0.9105,3.2580,5.4299
3/1/2016,1.0898,0.8452,5.0046,2.5846,1.5196,0.6953,1.6754,4.5178,0.9026,0.9043,3.2527,5.3681
4/1/2016,1.0735,0.8405,4.9738,2.5832,1.4645,0.7164,1.6742,4.5010,0.8989,0.8924,3.2502,5.3289
5/1/2016,1.0900,0.8328,4.9872,2.5754,1.4870,0.7106,1.6768,4.4719,0.9178,0.8832,3.2353,5.3759
6/1/2016,1.1050,0.8382,4.9599,2.5780,1.4871,0.7280,1.6841,4.4555,0.9460,0.8867,3.2371,5.3505
7/1/2016,1.0939,0.8402,4.9981,2.5670,1.4454,0.7682,1.6883,4.4624,0.9468,0.8745,3.2124,5.3849
8/1/2016,1.1046,0.8483,4.9896,2.5349,1.4563,0.7738,1.6701,4.4613,0.9583,0.8854,3.1712,5.3634
9/1/2016,1.0910,0.8422,4.9890,2.5197,1.4332,0.7461,1.6536,4.4680,0.9491,0.8861,3.1466,5.3499
10/1/2016,1.1008,0.8177,4.9547,2.5095,1.4588,0.7453,1.6479,4.4510,0.9592,0.8532,3.1336,5.3207
11/1/2016,1.1090,0.8059,4.9564,2.4792,1.4883,0.7333,1.5924,4.4492,0.9574,0.8381,3.1141,5.3211
12/1/2016,1.0933,0.8162,4.9848,2.4526,1.4705,0.7548,1.5661,4.4852,0.9435,0.8457,3.0894,5.3393
1/1/2017,1.0999,0.7958,4.9851,2.4663,1.4679,0.7662,1.5744,4.4926,0.9552,0.8047,3.1063,5.3246
2/1/2017,1.1143,0.7875,5.0173,2.4594,1.4855,0.7481,1.5846,4.4884,0.9724,0.7957,3.0914,5.3942
3/1/2017,1.1013,0.7904,5.0525,2.4417,1.4768,0.7546,1.5971,4.4933,0.9594,0.7984,3.0481,5.4500
4/1/2017,1.1140,0.7738,5.0923,2.4008,1.5061,0.7215,1.5460,4.5063,0.9700,0.7853,3.0149,5.5052
5/1/2017,1.1444,0.7819,5.1539,2.3695,1.5324,0.7156,1.5167,4.5401,1.0039,0.7933,2.9794,5.5707
6/1/2017,1.1280,0.7809,5.1385,2.3430,1.4969,0.7308,1.4690,4.5475,0.9925,0.7900,2.9697,5.5436
7/1/2017,1.1431,0.7596,5.1580,2.2995,1.5271,0.6948,1.4374,4.5636,0.9969,0.7714,2.9151,5.5615
8/1/2017,1.1424,0.7491,5.1165,2.2868,1.5367,0.6644,1.4249,4.5299,0.9924,0.7659,2.9013,5.5205
9/1/2017,1.1381,0.7335,5.0718,2.2817,1.5155,0.6602,1.4237,4.4970,0.9979,0.7408,2.8885,5.4754
10/1/2017,1.1575,0.7302,5.0688,2.2713,1.5236,0.6912,1.4213,4.4977,1.0235,0.7260,2.8744,5.4775
11/1/2017,1.1566,0.7216,5.1015,2.2241,1.5044,0.6941,1.3788,4.5065,1.0253,0.7088,2.8222,5.5261
12/1/2017,1.1332,0.7407,5.0966,2.2429,1.4714,0.7110,1.3989,4.4710,1.0058,0.7368,2.8411,5.5416
1/1/2018,1.1628,0.7215,5.1440,2.2300,1.5066,0.6730,1.3902,4.4867,1.0316,0.7322,2.8230,5.5976
2/1/2018,1.1853,0.7220,5.1608,2.1853,1.5120,0.6810,1.3736,4.4813,1.0541,0.7308,2.7705,5.6408
3/1/2018,1.1858,0.7177,5.1559,2.1793,1.5038,0.6983,1.3437,4.4920,1.0550,0.7213,2.7885,5.6025
4/1/2018,1.1938,0.7001,5.1402,2.1709,1.4883,0.6746,1.2969,4.4933,1.0685,0.7037,2.8078,5.5618
5/1/2018,1.1793,0.7021,5.1115,2.1540,1.4610,0.6958,1.3058,4.4983,1.0618,0.6976,2.7661,5.5045
6/1/2018,1.1677,0.6897,5.1222,2.1641,1.4573,0.7138,1.3365,4.4916,1.0489,0.6829,2.7663,5.5334
7/1/2018,1.1636,0.6939,5.1235,2.1745,1.4387,0.7171,1.3607,4.4840,1.0494,0.6869,2.7636,5.5470
8/1/2018,1.1341,0.7087,5.2074,2.1842,1.3674,0.7568,1.3958,4.5303,1.0398,0.6978,2.7539,5.6438
9/1/2018,1.1318,0.7197,5.2241,2.1820,1.3533,0.7612,1.3972,4.5609,1.0397,0.7110,2.7392,5.6651
10/1/2018,1.1280,0.7211,5.2722,2.1692,1.3621,0.7537,1.3600,4.5958,1.0335,0.7175,2.7402,5.7132
11/1/2018,1.1222,0.7401,5.2792,2.1643,1.3901,0.7481,1.3726,4.6015,1.0130,0.7407,2.7216,5.7192
12/1/2018,1.1452,0.7578,5.2613,2.1786,1.3989,0.7619,1.3573,4.6048,1.0453,0.7629,2.7554,5.6972
1/1/2019,1.1432,0.7427,5.2872,2.1574,1.3572,0.7561,1.3353,4.6427,1.0559,0.7385,2.7324,5.7097
2/1/2019,1.1187,0.7599,5.2508,2.1642,1.3548,0.7642,1.3351,4.6506,1.0256,0.7529,2.7551,5.6454
3/1/2019,1.0981,0.7472,5.2506,2.1781,1.3460,0.7160,1.3212,4.6540,1.0067,0.7505,2.7864,5.6432
4/1/2019,1.0859,0.7472,5.2903,2.1862,1.3177,0.7190,1.3604,4.6828,0.9970,0.7449,2.7715,5.6889
5/1/2019,1.0680,0.7421,5.3001,2.1743,1.3385,0.7336,1.3699,4.6850,0.9726,0.7337,2.7341,5.7026
6/1/2019,1.0658,0.7378,5.3467,2.1757,1.3310,0.7229,1.3541,4.7159,0.9718,0.7346,2.7466,5.7626
7/1/2019,1.0481,0.7303,5.3337,2.1688,1.3458,0.6818,1.3331,4.7216,0.9417,0.7336,2.7487,5.7516
8/1/2019,1.0514,0.7139,5.3294,2.1461,1.3656,0.6472,1.3213,4.7325,0.9364,0.7192,2.7210,5.7477
9/1/2019,1.0577,0.7589,5.2434,2.1366,1.4071,0.6937,1.2937,4.6858,0.9251,0.7605,2.7221,5.6483
10/1/2019,1.0115,1.5427,5.1268,2.1905,1.3710,1.5710,1.3278,4.5886,0.8768,1.4941,2.7958,5.5182
11/1/2019,0.9514,1.6613,5.0996,2.4555,1.2757,1.6857,1.5561,4.5584,0.8289,1.6019,3.0870,5.5132
12/1/2019,0.9038,1.6881,5.1506,2.6924,1.1874,1.6997,1.7537,4.5916,0.7965,1.6493,3.3551,5.5495
1/1/2020,0.8437,1.7337,5.1654,2.8927,1.1064,1.7291,1.9390,4.5946,0.7398,1.7091,3.5555,5.5674
2/1/2020,0.8288,1.7397,5.1738,2.9828,1.1290,1.7081,2.0050,4.5968,0.7131,1.7283,3.6835,5.5770
3/1/2020,0.8332,1.7666,5.1381,3.0814,1.1159,1.7768,2.0776,4.5331,0.7240,1.7387,3.7997,5.5803
4/1/2020,0.8043,1.8067,5.1368,3.1905,1.0395,1.8199,2.1314,4.5213,0.7068,1.7759,3.9604,5.5796
5/1/2020,0.8306,1.8158,5.0962,3.2834,1.0666,1.8001,2.1617,4.4984,0.7412,1.7921,4.0958,5.5301
6/1/2020,0.8123,1.8441,5.0752,3.3865,1.0608,1.8242,2.2601,4.4695,0.7148,1.8254,4.2122,5.5169
7/1/2020,0.7864,1.8575,5.0285,3.4486,1.0486,1.8385,2.3143,4.4237,0.6814,1.8365,4.2751,5.4822
8/1/2020,0.7891,1.8671,4.9787,3.5366,1.0377,1.8602,2.3763,4.3865,0.6860,1.8452,4.3755,5.4191
9/1/2020,0.7809,1.8594,4.9986,3.6359,1.0103,1.8611,2.4242,4.3803,0.6849,1.8395,4.4967,5.4317
10/1/2020,0.7731,1.8288,4.9854,3.7444,0.9379,1.8528,2.4850,4.3508,0.6925,1.8113,4.6293,5.4219
11/1/2020,0.7880,1.0285,5.0995,3.7723,0.9612,0.9565,2.4877,4.4414,0.7079,1.0602,4.6643,5.5391
12/1/2020,0.8385,0.9087,5.0910,3.6376,1.0427,0.8207,2.3676,4.4252,0.7439,0.9690,4.5095,5.5263
1/1/2021,0.8914,0.8747,5.0470,3.4818,1.1647,0.7968,2.2143,4.3547,0.7712,0.9275,4.3411,5.5182
2/1/2021,0.9511,0.8319,5.0444,3.3351,1.2556,0.7751,2.0599,4.3406,0.8174,0.8728,4.2234,5.5221
3/1/2021,0.9614,0.8357,5.0446,3.2691,1.2618,0.7927,2.0202,4.3356,0.8302,0.8691,4.1271,5.5316
4/1/2021,0.9810,0.7786,5.0958,3.1966,1.3075,0.7094,1.9554,4.3569,0.8442,0.8207,4.0522,5.5935
5/1/2021,1.0079,0.7417,5.1203,3.0996,1.3881,0.6638,1.9485,4.3616,0.8594,0.7846,3.8761,5.6198
6/1/2021,0.9713,0.7239,5.1838,3.0225,1.3460,0.6729,1.9274,4.3827,0.8190,0.7638,3.7585,5.7077
7/1/2021,1.0158,0.7072,5.1901,2.9520,1.3770,0.6581,1.8550,4.3896,0.8679,0.7430,3.6777,5.7209
8/1/2021,1.0594,0.6925,5.2613,2.9093,1.4240,0.6506,1.8118,4.4084,0.9096,0.7296,3.6396,5.8245
9/1/2021,1.0482,0.6881,5.3195,2.8124,1.4237,0.6539,1.7420,4.4508,0.8882,0.7202,3.5220,5.8828
10/1/2021,1.0815,0.6969,5.3457,2.7454,1.4971,0.6539,1.7034,4.4785,0.9093,0.7321,3.4394,5.9019
11/1/2021,1.1095,0.6684,5.4043,2.6500,1.5599,0.6324,1.6390,4.5191,0.9361,0.6942,3.3233,5.9592
12/1/2021,1.1487,0.6591,5.4268,2.5556,1.6383,0.6272,1.5838,4.5373,0.9538,0.6933,3.2086,5.9942
1/1/2022,1.1614,0.6520,5.4776,2.4154,1.6202,0.6374,1.4857,4.6100,0.9810,0.6740,3.0499,6.0286
2/1/2022,1.1534,0.6307,5.4864,2.3398,1.5470,0.6202,1.4380,4.6590,0.9941,0.6443,2.9768,6.0156
3/1/2022,1.1262,0.6174,5.4997,2.2668,1.5127,0.5915,1.4139,4.6813,0.9690,0.6343,2.8630,6.0211
4/1/2022,1.1456,0.6107,5.5144,2.2323,1.5692,0.5782,1.4016,4.6765,0.9769,0.6265,2.8185,6.0636
5/1/2022,1.1414,0.6300,5.5279,2.2060,1.4924,0.6193,1.3820,4.7198,0.9924,0.6398,2.7773,6.0572
6/1/2022,1.1675,0.6257,5.5423,2.1780,1.5374,0.6188,1.3177,4.7495,1.0157,0.6366,2.7800,6.0721
7/1/2022,1.1881,0.6314,5.5619,2.1417,1.5439,0.6231,1.2643,4.7711,1.0426,0.6431,2.7486,6.0859
8/1/2022,1.1717,0.6394,5.6097,2.1226,1.5256,0.6107,1.2355,4.8413,1.0290,0.6586,2.7363,6.1132
9/1/2022,1.1642,0.6353,5.5661,2.1002,1.5220,0.5987,1.1821,4.8428,1.0198,0.6563,2.7259,6.0401
10/1/2022,1.1877,0.6223,5.5674,2.0746,1.5249,0.5965,1.1631,4.8463,1.0635,0.6417,2.6974,6.0374
11/1/2022,1.1628,0.6293,5.5714,2.0514,1.4849,0.6051,1.1590,4.8571,1.0417,0.6459,2.6628,6.0460
12/1/2022,1.1386,0.6301,5.5673,2.0320,1.4532,0.5780,1.1581,4.8613,1.0194,0.6535,2.6342,6.0498
1/1/2023,1.1366,0.6340,5.5734,2.0345,1.4267,0.6009,1.1860,4.8607,1.0300,0.6454,2.6180,6.0554
2/1/2023,1.1147,0.6360,5.5810,2.0458,1.4013,0.6266,1.1918,4.8485,1.0074,0.6370,2.6434,6.0716
3/1/2023,1.0916,0.6358,5.6218,2.0400,1.4081,0.6087,1.1772,4.8650,0.9774,0.6413,2.6409,6.1025
4/1/2023,1.1095,0.6320,5.6245,2.0698,1.4520,0.5837,1.2022,4.8780,0.9910,0.6422,2.6799,6.0897
5/1/2023,1.0780,0.6518,5.6182,2.0496,1.4025,0.6102,1.1619,4.8624,0.9656,0.6553,2.6690,6.0872
6/1/2023,1.0819,0.6456,5.5478,2.0485,1.4615,0.5635,1.1843,4.8150,0.9548,0.6616,2.6596,6.0113
7/1/2023,1.0556,0.6537,5.5231,2.0504,1.4041,0.5846,1.2015,4.8070,0.9345,0.6663,2.6433,5.9730
8/1/2023,1.0597,0.6548,5.4853,2.0558,1.4314,0.5754,1.2080,4.7887,0.9301,0.6694,2.6494,5.9318
9/1/2023,1.0625,0.6384,5.4555,2.0348,1.4438,0.5719,1.2100,4.7379,0.9300,0.6482,2.6172,5.9202
10/1/2023,1.0549,0.6431,5.4832,2.0363,1.4246,0.5779,1.2700,4.7504,0.9281,0.6495,2.5925,5.9521
11/1/2023,1.0389,0.6631,5.4769,2.0708,1.4320,0.5508,1.3124,4.7386,0.9005,0.6802,2.6299,5.9565
12/1/2023,1.0293,0.6548,5.4637,2.0728,1.4386,0.5639,1.2997,4.7175,0.8892,0.6650,2.6526,5.9464
